Player,Season,Pos,Team,G,ORB,DRB,AST,STL,BLK,TOV,PTS
Arron Afflalo,2010.0,SG,DEN,82.0,59.0,193.0,138.0,46.0,30.0,74.0,724.0
LaMarcus Aldridge,2010.0,PF,POR,78.0,192.0,435.0,160.0,67.0,48.0,104.0,1393.0
Tony Allen,2010.0,SG,BOS,54.0,52.0,93.0,72.0,59.0,19.0,66.0,330.0
Chris Andersen,2010.0,PF,DEN,76.0,147.0,336.0,33.0,42.0,143.0,59.0,448.0
Ryan Anderson,2010.0,PF,ORL,63.0,70.0,132.0,37.0,25.0,14.0,56.0,487.0
Carmelo Anthony,2010.0,SF,DEN,69.0,152.0,302.0,222.0,88.0,30.0,209.0,1943.0
Joel Anthony,2010.0,C,MIA,80.0,123.0,126.0,12.0,20.0,109.0,45.0,218.0
Trevor Ariza,2010.0,SF,HOU,72.0,78.0,325.0,276.0,126.0,40.0,161.0,1072.0
D.J. Augustin,2010.0,PG,CHA,80.0,11.0,86.0,193.0,45.0,5.0,74.0,508.0
Leandro Barbosa,2010.0,PG,PHO,44.0,11.0,58.0,64.0,23.0,12.0,46.0,418.0
J.J. Barea,2010.0,PG,DAL,78.0,17.0,129.0,258.0,35.0,6.0,102.0,596.0
Matt Barnes,2010.0,SF,ORL,81.0,106.0,339.0,134.0,59.0,30.0,112.0,716.0
Brandon Bass,2010.0,PF,ORL,50.0,54.0,73.0,19.0,12.0,27.0,31.0,290.0
Nicolas Batum,2010.0,SF,POR,37.0,32.0,109.0,44.0,24.0,25.0,27.0,375.0
Jerryd Bayless,2010.0,SG,POR,74.0,18.0,102.0,172.0,26.0,5.0,94.0,630.0
Michael Beasley,2010.0,PF,MIA,78.0,123.0,375.0,100.0,80.0,49.0,131.0,1156.0
Marco Belinelli,2010.0,SG,TOR,66.0,14.0,81.0,89.0,42.0,5.0,60.0,469.0
Andrew Bogut,2010.0,C,MIL,69.0,208.0,493.0,127.0,39.0,175.0,131.0,1095.0
Corey Brewer,2010.0,SG,MIN,82.0,70.0,209.0,193.0,117.0,29.0,164.0,1066.0
Jose Calderon,2010.0,PG,TOR,68.0,23.0,119.0,404.0,47.0,7.0,99.0,699.0
DeMarre Carroll,2010.0,SF,MEM,71.0,53.0,97.0,33.0,28.0,9.0,24.0,209.0
Vince Carter,2010.0,SG,ORL,75.0,33.0,260.0,236.0,53.0,18.0,106.0,1244.0
Tyson Chandler,2010.0,C,CHA,51.0,114.0,206.0,16.0,17.0,55.0,91.0,333.0
Darren Collison,2010.0,PG,NOH,76.0,41.0,151.0,432.0,78.0,4.0,202.0,946.0
Nick Collison,2010.0,C,OKC,75.0,152.0,232.0,38.0,37.0,48.0,63.0,439.0
Mike Conley,2010.0,PG,MEM,80.0,30.0,161.0,425.0,109.0,12.0,170.0,959.0
Dante Cunningham,2010.0,PF,POR,63.0,54.0,106.0,14.0,24.0,22.0,15.0,243.0
Stephen Curry,2010.0,PG,GSW,80.0,48.0,308.0,472.0,152.0,19.0,243.0,1399.0
Luol Deng,2010.0,SF,CHI,70.0,131.0,381.0,143.0,66.0,61.0,134.0,1230.0
DeMar DeRozan,2010.0,SG,TOR,77.0,66.0,157.0,53.0,43.0,18.0,62.0,662.0
Boris Diaw,2010.0,PF,CHA,82.0,131.0,293.0,325.0,60.0,57.0,178.0,925.0
Goran Dragic,2010.0,PG,PHO,80.0,38.0,133.0,241.0,48.0,8.0,126.0,635.0
Jared Dudley,2010.0,SF,PHO,82.0,99.0,182.0,115.0,81.0,16.0,68.0,674.0
Mike Dunleavy,2010.0,SF,IND,67.0,25.0,211.0,103.0,38.0,15.0,72.0,666.0
Kevin Durant,2010.0,SF,OKC,82.0,105.0,518.0,231.0,112.0,84.0,271.0,2472.0
Wayne Ellington,2010.0,SG,MIN,76.0,33.0,126.0,74.0,20.0,5.0,74.0,505.0
Monta Ellis,2010.0,SG,GSW,64.0,47.0,210.0,340.0,143.0,25.0,244.0,1631.0
Tyreke Evans,2010.0,SG,SAC,72.0,66.0,314.0,414.0,109.0,26.0,216.0,1450.0
Raymond Felton,2010.0,PG,CHA,80.0,53.0,235.0,446.0,123.0,22.0,168.0,968.0
Randy Foye,2010.0,PG,WAS,70.0,16.0,114.0,228.0,33.0,10.0,94.0,704.0
Marc Gasol,2010.0,C,MEM,69.0,208.0,432.0,165.0,69.0,109.0,135.0,1008.0
Pau Gasol,2010.0,C,LAL,65.0,243.0,491.0,218.0,37.0,113.0,143.0,1190.0
Rudy Gay,2010.0,SF,MEM,80.0,115.0,357.0,153.0,118.0,64.0,169.0,1567.0
Alonzo Gee,2010.0,SG,WAS,11.0,15.0,18.0,7.0,7.0,1.0,10.0,81.0
Taj Gibson,2010.0,PF,CHI,82.0,226.0,385.0,70.0,50.0,104.0,114.0,735.0
Manu Ginobili,2010.0,SG,SAS,75.0,68.0,216.0,370.0,103.0,24.0,154.0,1237.0
Eric Gordon,2010.0,SG,LAC,62.0,25.0,135.0,186.0,69.0,14.0,144.0,1045.0
Marcin Gortat,2010.0,C,ORL,81.0,104.0,237.0,17.0,17.0,70.0,46.0,293.0
Danny Green,2010.0,SG,CLE,20.0,8.0,9.0,5.0,6.0,3.0,5.0,40.0
James Harden,2010.0,SG,OKC,76.0,47.0,197.0,137.0,80.0,20.0,106.0,753.0
Devin Harris,2010.0,PG,NJN,64.0,24.0,179.0,423.0,79.0,18.0,181.0,1080.0
Udonis Haslem,2010.0,PF,MIA,78.0,167.0,462.0,52.0,30.0,23.0,75.0,771.0
Spencer Hawes,2010.0,C,SAC,72.0,145.0,291.0,158.0,32.0,83.0,131.0,723.0
Gerald Henderson,2010.0,SG,CHA,43.0,15.0,40.0,13.0,10.0,9.0,14.0,113.0
Roy Hibbert,2010.0,C,IND,81.0,177.0,287.0,158.0,30.0,131.0,145.0,946.0
Nene Hilario,2010.0,C,DEN,82.0,166.0,461.0,203.0,115.0,82.0,125.0,1135.0
George Hill,2010.0,PG,SAS,78.0,42.0,163.0,226.0,69.0,26.0,101.0,964.0
Jordan Hill,2010.0,PF,TOT,47.0,76.0,99.0,20.0,14.0,21.0,30.0,244.0
Jrue Holiday,2010.0,PG,PHI,73.0,56.0,135.0,280.0,79.0,18.0,156.0,587.0
Al Horford,2010.0,C,ATL,81.0,236.0,563.0,189.0,59.0,91.0,122.0,1148.0
Dwight Howard,2010.0,C,ORL,82.0,284.0,798.0,144.0,75.0,228.0,274.0,1503.0
Kris Humphries,2010.0,PF,TOT,69.0,120.0,258.0,32.0,36.0,48.0,66.0,487.0
Serge Ibaka,2010.0,PF,OKC,73.0,138.0,259.0,10.0,25.0,97.0,68.0,461.0
Andre Iguodala,2010.0,SF,PHI,82.0,82.0,447.0,472.0,141.0,55.0,218.0,1401.0
Ersan Ilyasova,2010.0,PF,MIL,81.0,157.0,360.0,84.0,53.0,23.0,71.0,840.0
Jarrett Jack,2010.0,PG,TOR,82.0,30.0,192.0,413.0,60.0,6.0,163.0,931.0
LeBron James,2010.0,SF,CLE,76.0,71.0,483.0,651.0,125.0,77.0,261.0,2258.0
Al Jefferson,2010.0,C,MIN,76.0,180.0,523.0,137.0,63.0,98.0,136.0,1301.0
Richard Jefferson,2010.0,SF,SAS,81.0,58.0,298.0,158.0,45.0,40.0,105.0,994.0
Brandon Jennings,2010.0,PG,MIL,82.0,49.0,233.0,470.0,105.0,18.0,200.0,1270.0
Amir Johnson,2010.0,PF,TOR,82.0,154.0,241.0,48.0,44.0,66.0,63.0,511.0
James Johnson,2010.0,PF,CHI,65.0,34.0,94.0,48.0,21.0,43.0,62.0,256.0
Joe Johnson,2010.0,SG,ATL,76.0,74.0,279.0,369.0,82.0,5.0,145.0,1619.0
James Jones,2010.0,SF,MIA,36.0,4.0,41.0,17.0,11.0,4.0,11.0,146.0
DeAndre Jordan,2010.0,C,LAC,70.0,122.0,230.0,21.0,16.0,62.0,75.0,336.0
Kyle Korver,2010.0,SG,UTA,52.0,10.0,101.0,89.0,26.0,12.0,42.0,374.0
Kosta Koufos,2010.0,C,UTA,36.0,16.0,29.0,6.0,2.0,4.0,15.0,53.0
Ty Lawson,2010.0,PG,DEN,65.0,42.0,82.0,203.0,48.0,2.0,82.0,542.0
Courtney Lee,2010.0,SG,NJN,71.0,60.0,192.0,121.0,93.0,20.0,76.0,885.0
David Lee,2010.0,C,NYK,81.0,228.0,721.0,295.0,85.0,40.0,189.0,1640.0
Shaun Livingston,2010.0,PG,TOT,36.0,16.0,62.0,130.0,17.0,11.0,58.0,250.0
Brook Lopez,2010.0,C,NJN,82.0,270.0,439.0,187.0,55.0,139.0,204.0,1542.0
Robin Lopez,2010.0,C,PHO,51.0,104.0,144.0,7.0,10.0,53.0,41.0,430.0
Kevin Love,2010.0,PF,MIN,60.0,227.0,431.0,136.0,43.0,23.0,117.0,842.0
Kyle Lowry,2010.0,PG,HOU,68.0,91.0,156.0,305.0,60.0,9.0,116.0,620.0
Ian Mahinmi,2010.0,C,SAS,26.0,13.0,39.0,2.0,3.0,8.0,15.0,101.0
Wesley Matthews,2010.0,SG,UTA,82.0,50.0,141.0,124.0,64.0,15.0,93.0,769.0
Luc Mbah,2010.0,PF,MIL,73.0,171.0,229.0,81.0,60.0,39.0,70.0,453.0
JaVale McGee,2010.0,C,WAS,60.0,88.0,155.0,14.0,16.0,101.0,51.0,386.0
Josh McRoberts,2010.0,C,IND,42.0,40.0,87.0,44.0,17.0,16.0,19.0,179.0
Jodie Meeks,2010.0,SG,TOT,60.0,9.0,90.0,39.0,18.0,5.0,25.0,281.0
C.J. Miles,2010.0,SF,UTA,63.0,42.0,126.0,105.0,58.0,17.0,81.0,622.0
Mike Miller,2010.0,SG,WAS,54.0,55.0,281.0,212.0,39.0,12.0,115.0,586.0
Paul Millsap,2010.0,PF,UTA,82.0,186.0,373.0,131.0,64.0,99.0,116.0,954.0
Anthony Morrow,2010.0,SG,GSW,69.0,61.0,198.0,104.0,65.0,16.0,84.0,899.0
Jameer Nelson,2010.0,PG,ORL,65.0,26.0,168.0,353.0,48.0,2.0,139.0,818.0
Steve Novak,2010.0,SF,LAC,54.0,1.0,32.0,6.0,7.0,2.0,2.0,113.0
Dirk Nowitzki,2010.0,PF,DAL,81.0,80.0,540.0,218.0,70.0,79.0,149.0,2027.0
Tony Parker,2010.0,PG,SAS,56.0,7.0,128.0,317.0,29.0,8.0,149.0,894.0
Chris Paul,2010.0,PG,NOH,45.0,20.0,171.0,480.0,96.0,8.0,112.0,841.0
Paul Pierce,2010.0,SF,BOS,71.0,39.0,271.0,218.0,84.0,31.0,166.0,1296.0
Ronnie Price,2010.0,PG,UTA,60.0,28.0,46.0,123.0,40.0,13.0,56.0,255.0
Zach Randolph,2010.0,PF,MEM,81.0,330.0,620.0,149.0,80.0,34.0,174.0,1681.0
J.J. Redick,2010.0,SG,ORL,82.0,17.0,138.0,158.0,28.0,4.0,63.0,788.0
Rajon Rondo,2010.0,PG,BOS,81.0,100.0,260.0,794.0,189.0,11.0,246.0,1110.0
Brandon Rush,2010.0,SG,IND,82.0,41.0,305.0,112.0,56.0,65.0,93.0,774.0
Luis Scola,2010.0,PF,HOU,82.0,175.0,530.0,169.0,63.0,26.0,163.0,1329.0
Thabo Sefolosha,2010.0,SG,OKC,82.0,76.0,311.0,145.0,97.0,46.0,90.0,489.0
Ramon Sessions,2010.0,PG,MIN,82.0,58.0,156.0,258.0,55.0,5.0,137.0,674.0
J.R. Smith,2010.0,SG,DEN,75.0,28.0,206.0,183.0,99.0,20.0,139.0,1156.0
Jason Smith,2010.0,PF,PHI,56.0,54.0,81.0,33.0,21.0,28.0,35.0,189.0
Marreese Speights,2010.0,C,PHI,62.0,85.0,167.0,36.0,29.0,34.0,51.0,532.0
Rodney Stuckey,2010.0,PG,DET,73.0,67.0,214.0,348.0,101.0,12.0,163.0,1215.0
Jeff Teague,2010.0,PG,ATL,71.0,5.0,62.0,122.0,34.0,11.0,50.0,228.0
Jason Terry,2010.0,SG,DAL,77.0,19.0,121.0,292.0,94.0,17.0,109.0,1280.0
Marcus Thornton,2010.0,SG,NOH,73.0,72.0,139.0,114.0,58.0,11.0,76.0,1057.0
Anthony Tolliver,2010.0,PF,TOT,46.0,84.0,236.0,87.0,32.0,33.0,46.0,539.0
Beno Udrih,2010.0,PG,SAC,79.0,38.0,181.0,372.0,89.0,10.0,136.0,1023.0
Anderson Varejao,2010.0,PF,CLE,76.0,189.0,389.0,87.0,71.0,67.0,67.0,651.0
Dwyane Wade,2010.0,SG,MIA,77.0,107.0,266.0,501.0,142.0,82.0,252.0,2045.0
C.J. Watson,2010.0,PG,GSW,65.0,28.0,141.0,180.0,103.0,8.0,69.0,667.0
David West,2010.0,PF,NOH,81.0,164.0,441.0,239.0,76.0,60.0,173.0,1541.0
Russell Westbrook,2010.0,PG,OKC,82.0,143.0,258.0,652.0,108.0,34.0,268.0,1322.0
Deron Williams,2010.0,PG,UTA,76.0,50.0,253.0,798.0,96.0,16.0,252.0,1419.0
Lou Williams,2010.0,PG,PHI,64.0,25.0,162.0,268.0,80.0,15.0,106.0,898.0
Nick Young,2010.0,SG,WAS,74.0,20.0,82.0,48.0,28.0,8.0,56.0,639.0
Thaddeus Young,2010.0,PF,PHI,67.0,130.0,220.0,97.0,81.0,15.0,126.0,926.0
Arron Afflalo,2011.0,SG,DEN,69.0,45.0,206.0,168.0,34.0,31.0,71.0,867.0
LaMarcus Aldridge,2011.0,PF,POR,81.0,278.0,431.0,170.0,82.0,94.0,153.0,1769.0
Tony Allen,2011.0,SG,MEM,72.0,70.0,123.0,104.0,129.0,44.0,86.0,643.0
Chris Andersen,2011.0,C,DEN,45.0,75.0,144.0,20.0,23.0,58.0,25.0,250.0
Ryan Anderson,2011.0,PF,ORL,64.0,129.0,226.0,52.0,30.0,38.0,49.0,681.0
Carmelo Anthony,2011.0,SF,TOT,77.0,118.0,445.0,221.0,68.0,46.0,206.0,1970.0
Joel Anthony,2011.0,C,MIA,75.0,104.0,162.0,24.0,10.0,93.0,36.0,153.0
Trevor Ariza,2011.0,SF,NOH,75.0,61.0,347.0,162.0,120.0,31.0,118.0,826.0
D.J. Augustin,2011.0,PG,CHA,82.0,38.0,187.0,498.0,54.0,3.0,155.0,1178.0
Leandro Barbosa,2011.0,SG,TOR,58.0,14.0,85.0,119.0,50.0,6.0,84.0,769.0
J.J. Barea,2011.0,PG,DAL,81.0,29.0,130.0,317.0,30.0,1.0,136.0,769.0
Matt Barnes,2011.0,SF,LAL,53.0,73.0,155.0,71.0,39.0,22.0,58.0,356.0
Brandon Bass,2011.0,PF,ORL,76.0,134.0,290.0,57.0,27.0,52.0,97.0,854.0
Nicolas Batum,2011.0,SF,POR,80.0,109.0,252.0,123.0,68.0,49.0,83.0,990.0
Jerryd Bayless,2011.0,PG,TOT,71.0,26.0,139.0,266.0,38.0,5.0,127.0,651.0
Michael Beasley,2011.0,SF,MIN,73.0,118.0,291.0,158.0,54.0,52.0,195.0,1401.0
Marco Belinelli,2011.0,SG,NOH,80.0,17.0,134.0,92.0,38.0,6.0,77.0,836.0
Andrew Bogut,2011.0,C,MIL,65.0,199.0,521.0,131.0,47.0,168.0,125.0,830.0
Corey Brewer,2011.0,SF-SG,TOT,69.0,57.0,118.0,89.0,100.0,16.0,87.0,552.0
Jose Calderon,2011.0,PG,TOR,68.0,30.0,172.0,605.0,81.0,7.0,148.0,669.0
DeMarre Carroll,2011.0,PF,TOT,12.0,2.0,6.0,4.0,1.0,1.0,0.0,10.0
Vince Carter,2011.0,SG,TOT,73.0,54.0,221.0,146.0,67.0,20.0,90.0,1022.0
Tyson Chandler,2011.0,C,DAL,74.0,206.0,486.0,32.0,36.0,80.0,88.0,748.0
Darren Collison,2011.0,PG,IND,79.0,40.0,185.0,403.0,87.0,14.0,194.0,1039.0
Nick Collison,2011.0,C,OKC,71.0,119.0,197.0,69.0,42.0,31.0,55.0,329.0
Mike Conley,2011.0,PG,MEM,81.0,32.0,215.0,528.0,144.0,18.0,176.0,1107.0
Dante Cunningham,2011.0,PF,TOT,78.0,96.0,181.0,43.0,54.0,43.0,51.0,482.0
Stephen Curry,2011.0,PG,GSW,74.0,52.0,234.0,432.0,109.0,20.0,226.0,1373.0
Luol Deng,2011.0,SF,CHI,82.0,116.0,360.0,230.0,78.0,48.0,156.0,1430.0
DeMar DeRozan,2011.0,SG,TOR,82.0,75.0,240.0,148.0,85.0,31.0,144.0,1410.0
Boris Diaw,2011.0,PF,CHA,82.0,105.0,309.0,337.0,74.0,46.0,166.0,924.0
Goran Dragic,2011.0,PG,TOT,70.0,36.0,106.0,204.0,50.0,10.0,117.0,523.0
Jared Dudley,2011.0,SF,PHO,82.0,111.0,207.0,108.0,87.0,20.0,77.0,867.0
Mike Dunleavy,2011.0,SG,IND,61.0,28.0,248.0,105.0,40.0,30.0,69.0,682.0
Kevin Durant,2011.0,SF,OKC,78.0,57.0,476.0,214.0,88.0,76.0,218.0,2161.0
Wayne Ellington,2011.0,SG,MIN,62.0,26.0,82.0,72.0,28.0,3.0,53.0,410.0
Monta Ellis,2011.0,SG,GSW,80.0,44.0,237.0,450.0,168.0,23.0,252.0,1929.0
Tyreke Evans,2011.0,SG,SAC,57.0,46.0,229.0,319.0,85.0,30.0,184.0,1012.0
Raymond Felton,2011.0,PG-SG,TOT,75.0,48.0,221.0,625.0,125.0,11.0,221.0,1164.0
Randy Foye,2011.0,SG,LAC,63.0,13.0,90.0,170.0,47.0,21.0,95.0,616.0
Marc Gasol,2011.0,C,MEM,81.0,154.0,415.0,200.0,74.0,136.0,146.0,951.0
Pau Gasol,2011.0,C,LAL,82.0,268.0,568.0,273.0,48.0,130.0,142.0,1541.0
Rudy Gay,2011.0,SF,MEM,54.0,82.0,254.0,153.0,91.0,58.0,135.0,1069.0
Alonzo Gee,2011.0,SG,TOT,56.0,62.0,120.0,38.0,40.0,18.0,55.0,331.0
Taj Gibson,2011.0,PF,CHI,80.0,162.0,296.0,58.0,39.0,106.0,71.0,569.0
Manu Ginobili,2011.0,SG,SAS,80.0,42.0,253.0,393.0,123.0,28.0,174.0,1393.0
Eric Gordon,2011.0,SG,LAC,56.0,45.0,119.0,244.0,71.0,18.0,151.0,1247.0
Marcin Gortat,2011.0,C,TOT,80.0,148.0,483.0,70.0,36.0,91.0,81.0,817.0
Danny Green,2011.0,SG,SAS,8.0,3.0,12.0,2.0,2.0,1.0,5.0,41.0
James Harden,2011.0,SG,OKC,82.0,42.0,213.0,176.0,92.0,24.0,106.0,998.0
Devin Harris,2011.0,PG,TOT,71.0,17.0,152.0,503.0,70.0,7.0,207.0,1079.0
Udonis Haslem,2011.0,PF,MIA,13.0,29.0,77.0,6.0,7.0,3.0,14.0,104.0
Spencer Hawes,2011.0,C,PHI,81.0,129.0,336.0,121.0,29.0,71.0,97.0,584.0
Gerald Henderson,2011.0,SG,CHA,68.0,49.0,158.0,101.0,50.0,32.0,64.0,653.0
Roy Hibbert,2011.0,C,IND,81.0,182.0,428.0,166.0,33.0,142.0,185.0,1025.0
Nene Hilario,2011.0,C,DEN,75.0,145.0,426.0,149.0,84.0,73.0,134.0,1091.0
George Hill,2011.0,PG,SAS,76.0,24.0,175.0,193.0,66.0,21.0,99.0,884.0
Jordan Hill,2011.0,C,HOU,72.0,128.0,178.0,29.0,14.0,52.0,62.0,406.0
Jrue Holiday,2011.0,PG,PHI,82.0,68.0,264.0,531.0,120.0,29.0,218.0,1145.0
Al Horford,2011.0,C,ATL,77.0,182.0,536.0,266.0,59.0,80.0,119.0,1178.0
Dwight Howard,2011.0,C,ORL,78.0,309.0,789.0,107.0,107.0,186.0,279.0,1784.0
Kris Humphries,2011.0,PF,NJN,74.0,225.0,546.0,84.0,33.0,80.0,103.0,741.0
Serge Ibaka,2011.0,PF,OKC,82.0,214.0,408.0,22.0,31.0,198.0,71.0,808.0
Andre Iguodala,2011.0,SF,PHI,67.0,61.0,326.0,422.0,101.0,38.0,138.0,945.0
Ersan Ilyasova,2011.0,PF,MIL,60.0,105.0,260.0,56.0,51.0,24.0,63.0,571.0
Jarrett Jack,2011.0,SG-PG,TOT,83.0,20.0,153.0,242.0,54.0,6.0,110.0,735.0
LeBron James,2011.0,SF,MIA,79.0,80.0,510.0,554.0,124.0,50.0,284.0,2111.0
Al Jefferson,2011.0,C,UTA,82.0,235.0,559.0,149.0,46.0,153.0,105.0,1528.0
Richard Jefferson,2011.0,SF,SAS,81.0,54.0,256.0,107.0,38.0,34.0,93.0,891.0
Brandon Jennings,2011.0,PG,MIL,63.0,42.0,192.0,305.0,95.0,21.0,146.0,1019.0
Amir Johnson,2011.0,PF,TOR,72.0,189.0,272.0,81.0,53.0,88.0,69.0,688.0
James Johnson,2011.0,SF,TOT,38.0,37.0,105.0,89.0,33.0,37.0,64.0,271.0
Joe Johnson,2011.0,SG,ATL,72.0,59.0,232.0,338.0,47.0,7.0,146.0,1312.0
James Jones,2011.0,SF,MIA,81.0,23.0,137.0,43.0,29.0,19.0,21.0,475.0
DeAndre Jordan,2011.0,C,LAC,80.0,207.0,368.0,42.0,41.0,142.0,101.0,566.0
Kyle Korver,2011.0,SG,CHI,82.0,12.0,138.0,124.0,35.0,20.0,60.0,681.0
Kosta Koufos,2011.0,C,TOT,50.0,57.0,73.0,7.0,10.0,25.0,31.0,160.0
Ty Lawson,2011.0,PG,DEN,80.0,67.0,142.0,377.0,80.0,4.0,137.0,933.0
Courtney Lee,2011.0,SG,HOU,81.0,51.0,158.0,100.0,58.0,18.0,68.0,672.0
David Lee,2011.0,PF,GSW,73.0,217.0,497.0,233.0,74.0,31.0,170.0,1203.0
Shaun Livingston,2011.0,PG,CHA,73.0,29.0,120.0,164.0,47.0,29.0,88.0,479.0
Brook Lopez,2011.0,C,NJN,82.0,197.0,291.0,129.0,47.0,120.0,176.0,1673.0
Robin Lopez,2011.0,C,PHO,67.0,82.0,134.0,8.0,18.0,45.0,48.0,432.0
Kevin Love,2011.0,PF,MIN,73.0,330.0,782.0,184.0,45.0,28.0,155.0,1476.0
Kyle Lowry,2011.0,PG,HOU,75.0,89.0,220.0,500.0,102.0,23.0,158.0,1011.0
Ian Mahinmi,2011.0,C,DAL,56.0,43.0,77.0,8.0,14.0,15.0,25.0,173.0
Wesley Matthews,2011.0,SG,POR,82.0,48.0,210.0,164.0,102.0,9.0,138.0,1300.0
Luc Mbah,2011.0,PF,MIL,79.0,169.0,251.0,68.0,72.0,28.0,77.0,529.0
JaVale McGee,2011.0,C,WAS,79.0,223.0,411.0,38.0,41.0,193.0,102.0,798.0
Josh McRoberts,2011.0,PF,IND,72.0,109.0,273.0,150.0,47.0,57.0,93.0,533.0
Jodie Meeks,2011.0,SG,PHI,74.0,21.0,150.0,78.0,63.0,4.0,60.0,774.0
C.J. Miles,2011.0,SF,UTA,78.0,54.0,201.0,135.0,74.0,38.0,93.0,1000.0
Mike Miller,2011.0,SG,MIA,41.0,38.0,146.0,51.0,20.0,2.0,41.0,228.0
Paul Millsap,2011.0,PF,UTA,76.0,164.0,415.0,187.0,103.0,69.0,145.0,1315.0
Anthony Morrow,2011.0,SG,NJN,58.0,37.0,135.0,68.0,19.0,7.0,54.0,764.0
Jameer Nelson,2011.0,PG,ORL,76.0,37.0,189.0,456.0,75.0,3.0,194.0,997.0
Steve Novak,2011.0,SF,TOT,30.0,4.0,24.0,3.0,1.0,5.0,4.0,104.0
Dirk Nowitzki,2011.0,PF,DAL,73.0,50.0,463.0,190.0,38.0,47.0,137.0,1681.0
Tony Parker,2011.0,PG,SAS,78.0,30.0,208.0,513.0,90.0,3.0,200.0,1368.0
Chris Paul,2011.0,PG,NOH,80.0,38.0,289.0,782.0,188.0,5.0,177.0,1268.0
Paul Pierce,2011.0,SF,BOS,80.0,34.0,396.0,260.0,80.0,51.0,171.0,1511.0
Ronnie Price,2011.0,SG,UTA,59.0,22.0,39.0,56.0,42.0,5.0,55.0,197.0
Zach Randolph,2011.0,PF,MEM,75.0,326.0,588.0,163.0,63.0,25.0,151.0,1504.0
J.J. Redick,2011.0,SG,ORL,59.0,6.0,107.0,102.0,29.0,3.0,53.0,593.0
Rajon Rondo,2011.0,PG,BOS,68.0,87.0,210.0,760.0,153.0,11.0,234.0,721.0
Brandon Rush,2011.0,SG,IND,67.0,33.0,184.0,62.0,41.0,35.0,69.0,607.0
Luis Scola,2011.0,PF,HOU,74.0,147.0,459.0,185.0,48.0,44.0,147.0,1352.0
Thabo Sefolosha,2011.0,SG,OKC,79.0,65.0,281.0,111.0,97.0,38.0,55.0,401.0
Ramon Sessions,2011.0,PG,CLE,81.0,46.0,209.0,419.0,60.0,8.0,178.0,1075.0
J.R. Smith,2011.0,SF,DEN,79.0,45.0,277.0,175.0,92.0,16.0,100.0,969.0
Jason Smith,2011.0,C,NOH,77.0,89.0,152.0,36.0,26.0,32.0,53.0,331.0
Marreese Speights,2011.0,C,PHI,64.0,64.0,146.0,30.0,8.0,19.0,40.0,344.0
Rodney Stuckey,2011.0,PG,DET,70.0,70.0,146.0,361.0,76.0,10.0,155.0,1082.0
Jeff Teague,2011.0,PG,ATL,70.0,11.0,91.0,138.0,45.0,25.0,64.0,361.0
Jason Terry,2011.0,SG,DAL,82.0,24.0,129.0,334.0,93.0,13.0,167.0,1293.0
Marcus Thornton,2011.0,SG,TOT,73.0,61.0,197.0,135.0,64.0,9.0,93.0,933.0
Anthony Tolliver,2011.0,SF,MIN,65.0,92.0,203.0,82.0,28.0,28.0,49.0,434.0
Beno Udrih,2011.0,PG,SAC,79.0,41.0,224.0,386.0,94.0,9.0,141.0,1086.0
Anderson Varejao,2011.0,C,CLE,31.0,98.0,203.0,45.0,27.0,38.0,40.0,282.0
Dwyane Wade,2011.0,SG,MIA,76.0,123.0,362.0,346.0,111.0,87.0,237.0,1941.0
C.J. Watson,2011.0,PG,CHI,82.0,16.0,78.0,186.0,55.0,11.0,73.0,405.0
David West,2011.0,PF,NOH,70.0,155.0,374.0,164.0,67.0,62.0,142.0,1322.0
Russell Westbrook,2011.0,PG,OKC,82.0,121.0,258.0,670.0,155.0,30.0,316.0,1793.0
Deron Williams,2011.0,PG,TOT,65.0,40.0,220.0,667.0,79.0,15.0,230.0,1309.0
Lou Williams,2011.0,SG,PHI,75.0,32.0,117.0,252.0,47.0,17.0,102.0,1027.0
Nick Young,2011.0,SG,WAS,64.0,26.0,148.0,75.0,45.0,17.0,90.0,1115.0
Thaddeus Young,2011.0,PF,PHI,82.0,153.0,281.0,82.0,90.0,26.0,99.0,1045.0
Arron Afflalo,2012.0,SG,DEN,62.0,40.0,157.0,149.0,36.0,13.0,85.0,943.0
LaMarcus Aldridge,2012.0,PF,POR,55.0,150.0,292.0,134.0,51.0,45.0,111.0,1191.0
Tony Allen,2012.0,SG,MEM,58.0,98.0,135.0,79.0,104.0,33.0,94.0,568.0
Chris Andersen,2012.0,C,DEN,32.0,48.0,100.0,6.0,19.0,46.0,17.0,168.0
Ryan Anderson,2012.0,PF,ORL,61.0,224.0,247.0,54.0,50.0,26.0,57.0,980.0
Carmelo Anthony,2012.0,SF,NYK,55.0,88.0,256.0,200.0,62.0,24.0,144.0,1245.0
Joel Anthony,2012.0,C,MIA,64.0,100.0,150.0,9.0,36.0,84.0,45.0,219.0
Trevor Ariza,2012.0,SF,NOH,41.0,41.0,174.0,135.0,69.0,25.0,76.0,444.0
D.J. Augustin,2012.0,PG,CHA,48.0,24.0,85.0,307.0,36.0,1.0,110.0,532.0
Leandro Barbosa,2012.0,SG,TOT,64.0,33.0,95.0,96.0,56.0,7.0,94.0,708.0
J.J. Barea,2012.0,PG,MIN,41.0,14.0,100.0,232.0,21.0,0.0,103.0,463.0
Matt Barnes,2012.0,SF,LAL,63.0,97.0,247.0,126.0,35.0,48.0,73.0,491.0
Brandon Bass,2012.0,PF,BOS,59.0,95.0,270.0,55.0,34.0,54.0,65.0,738.0
Nicolas Batum,2012.0,SF,POR,59.0,81.0,190.0,84.0,57.0,60.0,90.0,818.0
Jerryd Bayless,2012.0,PG,TOR,31.0,8.0,58.0,118.0,24.0,4.0,53.0,353.0
Michael Beasley,2012.0,SF,MIN,47.0,39.0,168.0,45.0,18.0,19.0,80.0,541.0
Marco Belinelli,2012.0,SG,NOH,66.0,19.0,153.0,101.0,48.0,5.0,69.0,780.0
Andrew Bogut,2012.0,C,MIL,12.0,22.0,78.0,31.0,12.0,24.0,24.0,136.0
Corey Brewer,2012.0,SF,DEN,59.0,43.0,107.0,88.0,72.0,17.0,56.0,525.0
Jose Calderon,2012.0,PG,TOR,53.0,19.0,141.0,468.0,47.0,3.0,104.0,555.0
DeMarre Carroll,2012.0,SF-PF,TOT,24.0,28.0,25.0,18.0,12.0,1.0,11.0,107.0
Vince Carter,2012.0,SG,DAL,61.0,32.0,173.0,139.0,56.0,25.0,84.0,615.0
Tyson Chandler,2012.0,C,NYK,62.0,212.0,400.0,56.0,56.0,89.0,102.0,699.0
Darren Collison,2012.0,PG,IND,60.0,30.0,157.0,287.0,49.0,14.0,114.0,621.0
Nick Collison,2012.0,PF,OKC,63.0,119.0,155.0,82.0,33.0,28.0,61.0,284.0
Mike Conley,2012.0,PG,MEM,62.0,22.0,134.0,404.0,136.0,11.0,125.0,788.0
Dante Cunningham,2012.0,PF,MEM,64.0,91.0,155.0,37.0,42.0,34.0,29.0,333.0
Stephen Curry,2012.0,PG,GSW,26.0,15.0,73.0,138.0,39.0,8.0,65.0,383.0
Luol Deng,2012.0,SF,CHI,54.0,77.0,273.0,157.0,56.0,36.0,96.0,828.0
DeMar DeRozan,2012.0,SG,TOR,63.0,40.0,171.0,128.0,48.0,17.0,123.0,1054.0
Boris Diaw,2012.0,PF,TOT,57.0,70.0,210.0,205.0,34.0,25.0,112.0,365.0
Goran Dragic,2012.0,PG,HOU,66.0,53.0,115.0,351.0,85.0,10.0,157.0,775.0
Jared Dudley,2012.0,SG,PHO,65.0,95.0,206.0,112.0,49.0,19.0,72.0,823.0
Mike Dunleavy,2012.0,SF,MIL,55.0,29.0,175.0,117.0,28.0,8.0,58.0,677.0
Kevin Durant,2012.0,SF,OKC,66.0,40.0,487.0,231.0,88.0,77.0,248.0,1850.0
Wayne Ellington,2012.0,SG,MIN,51.0,14.0,85.0,33.0,26.0,10.0,26.0,311.0
Monta Ellis,2012.0,SG,TOT,58.0,20.0,180.0,346.0,85.0,18.0,177.0,1181.0
Tyreke Evans,2012.0,SG,SAC,63.0,64.0,225.0,283.0,84.0,29.0,171.0,1037.0
Raymond Felton,2012.0,PG,POR,60.0,27.0,122.0,390.0,78.0,10.0,170.0,684.0
Randy Foye,2012.0,SG,LAC,65.0,25.0,113.0,146.0,46.0,24.0,73.0,712.0
Marc Gasol,2012.0,C,MEM,65.0,120.0,459.0,204.0,62.0,121.0,121.0,952.0
Pau Gasol,2012.0,PF,LAL,65.0,183.0,495.0,237.0,37.0,88.0,142.0,1129.0
Rudy Gay,2012.0,SF,MEM,65.0,130.0,287.0,147.0,95.0,55.0,161.0,1232.0
Alonzo Gee,2012.0,SG,CLE,63.0,101.0,221.0,113.0,83.0,17.0,114.0,665.0
Taj Gibson,2012.0,PF,CHI,63.0,135.0,197.0,47.0,27.0,81.0,60.0,484.0
Manu Ginobili,2012.0,SG,SAS,34.0,18.0,98.0,151.0,24.0,12.0,64.0,440.0
Eric Gordon,2012.0,PG,NOH,9.0,2.0,23.0,31.0,13.0,4.0,24.0,185.0
Marcin Gortat,2012.0,C,PHO,66.0,185.0,474.0,59.0,48.0,99.0,90.0,1017.0
Danny Green,2012.0,SG,SAS,66.0,54.0,174.0,86.0,58.0,46.0,67.0,603.0
James Harden,2012.0,SG,OKC,62.0,30.0,222.0,229.0,62.0,15.0,137.0,1044.0
Devin Harris,2012.0,PG,UTA,63.0,12.0,100.0,316.0,64.0,13.0,122.0,715.0
Udonis Haslem,2012.0,PF,MIA,64.0,117.0,353.0,42.0,35.0,24.0,60.0,385.0
Spencer Hawes,2012.0,C,PHI,37.0,78.0,192.0,98.0,16.0,48.0,55.0,355.0
Gerald Henderson,2012.0,SG,CHA,55.0,64.0,161.0,126.0,49.0,20.0,100.0,830.0
Roy Hibbert,2012.0,C,IND,65.0,213.0,359.0,108.0,32.0,128.0,128.0,834.0
Nene Hilario,2012.0,C,TOT,39.0,63.0,228.0,80.0,42.0,38.0,96.0,535.0
George Hill,2012.0,PG,IND,50.0,31.0,120.0,145.0,42.0,17.0,52.0,481.0
Jordan Hill,2012.0,C,TOT,39.0,61.0,125.0,16.0,14.0,27.0,31.0,194.0
Jrue Holiday,2012.0,PG,PHI,65.0,57.0,155.0,290.0,103.0,18.0,135.0,879.0
Al Horford,2012.0,C,ATL,11.0,26.0,51.0,24.0,10.0,14.0,16.0,136.0
Dwight Howard,2012.0,C,ORL,54.0,200.0,585.0,104.0,81.0,116.0,175.0,1113.0
Kris Humphries,2012.0,PF,NJN,62.0,233.0,448.0,90.0,50.0,74.0,119.0,855.0
Serge Ibaka,2012.0,PF,OKC,66.0,193.0,305.0,28.0,33.0,241.0,79.0,603.0
Andre Iguodala,2012.0,SF,PHI,62.0,56.0,325.0,339.0,107.0,30.0,115.0,771.0
Ersan Ilyasova,2012.0,PF,MIL,60.0,196.0,333.0,71.0,42.0,44.0,76.0,782.0
Jarrett Jack,2012.0,PG,NOH,45.0,23.0,153.0,285.0,31.0,9.0,106.0,700.0
LeBron James,2012.0,SF,MIA,62.0,94.0,398.0,387.0,115.0,50.0,213.0,1683.0
Al Jefferson,2012.0,C,UTA,61.0,133.0,452.0,134.0,47.0,101.0,62.0,1170.0
Richard Jefferson,2012.0,SF,TOT,63.0,26.0,193.0,88.0,37.0,19.0,50.0,578.0
Brandon Jennings,2012.0,PG,MIL,66.0,49.0,177.0,365.0,104.0,22.0,146.0,1260.0
Amir Johnson,2012.0,PF,TOR,64.0,149.0,259.0,79.0,33.0,69.0,94.0,452.0
James Johnson,2012.0,SF,TOR,62.0,74.0,218.0,122.0,71.0,84.0,101.0,566.0
Joe Johnson,2012.0,SG,ATL,60.0,53.0,168.0,232.0,48.0,13.0,116.0,1129.0
James Jones,2012.0,SG,MIA,51.0,6.0,43.0,19.0,17.0,9.0,10.0,185.0
DeAndre Jordan,2012.0,C,LAC,66.0,202.0,344.0,17.0,30.0,134.0,74.0,486.0
Kyle Korver,2012.0,SG,CHI,65.0,26.0,133.0,112.0,36.0,15.0,53.0,529.0
Kosta Koufos,2012.0,C,DEN,48.0,95.0,163.0,15.0,24.0,41.0,33.0,263.0
Ty Lawson,2012.0,PG,DEN,61.0,54.0,173.0,401.0,82.0,6.0,149.0,999.0
Courtney Lee,2012.0,SG,HOU,58.0,26.0,133.0,88.0,68.0,22.0,64.0,660.0
David Lee,2012.0,PF,GSW,57.0,171.0,374.0,162.0,54.0,22.0,149.0,1147.0
Shaun Livingston,2012.0,SG,MIL,58.0,39.0,84.0,122.0,27.0,20.0,66.0,318.0
Brook Lopez,2012.0,C,NJN,5.0,8.0,10.0,6.0,1.0,4.0,6.0,96.0
Robin Lopez,2012.0,C,PHO,64.0,90.0,119.0,20.0,18.0,60.0,43.0,348.0
Kevin Love,2012.0,PF,MIN,55.0,226.0,508.0,111.0,47.0,28.0,128.0,1432.0
Kyle Lowry,2012.0,PG,HOU,47.0,37.0,176.0,310.0,73.0,14.0,130.0,670.0
Ian Mahinmi,2012.0,C,DAL,61.0,108.0,181.0,12.0,38.0,31.0,50.0,354.0
Wesley Matthews,2012.0,SG,POR,66.0,56.0,168.0,113.0,96.0,15.0,73.0,904.0
Luc Mbah,2012.0,PF,MIL,43.0,77.0,150.0,29.0,40.0,22.0,39.0,333.0
JaVale McGee,2012.0,C,TOT,61.0,163.0,314.0,31.0,35.0,132.0,87.0,691.0
Josh McRoberts,2012.0,PF,LAL,50.0,61.0,110.0,51.0,15.0,18.0,31.0,138.0
Jodie Meeks,2012.0,SG,PHI,66.0,17.0,144.0,54.0,40.0,3.0,29.0,556.0
C.J. Miles,2012.0,SG,UTA,56.0,27.0,89.0,69.0,46.0,18.0,53.0,508.0
Mike Miller,2012.0,SG,MIA,39.0,22.0,106.0,42.0,14.0,6.0,30.0,237.0
Paul Millsap,2012.0,PF,UTA,64.0,180.0,383.0,150.0,118.0,52.0,112.0,1061.0
Anthony Morrow,2012.0,SG,NJN,62.0,31.0,96.0,61.0,46.0,9.0,70.0,747.0
Jameer Nelson,2012.0,PG,ORL,57.0,29.0,152.0,325.0,38.0,5.0,135.0,676.0
Steve Novak,2012.0,PF,NYK,54.0,9.0,95.0,12.0,16.0,9.0,21.0,477.0
Dirk Nowitzki,2012.0,PF,DAL,62.0,46.0,372.0,136.0,42.0,30.0,117.0,1342.0
Tony Parker,2012.0,PG,SAS,60.0,22.0,149.0,463.0,57.0,5.0,153.0,1095.0
Chris Paul,2012.0,PG,LAC,60.0,42.0,171.0,543.0,152.0,4.0,124.0,1189.0
Paul Pierce,2012.0,SF,BOS,61.0,37.0,280.0,274.0,70.0,26.0,173.0,1181.0
Ronnie Price,2012.0,PG,PHO,36.0,18.0,38.0,67.0,34.0,3.0,46.0,131.0
Zach Randolph,2012.0,PF,MEM,28.0,78.0,147.0,48.0,21.0,4.0,40.0,324.0
J.J. Redick,2012.0,SG,ORL,65.0,18.0,132.0,164.0,27.0,6.0,68.0,751.0
Rajon Rondo,2012.0,PG,BOS,53.0,62.0,195.0,620.0,95.0,3.0,193.0,630.0
Brandon Rush,2012.0,SF,GSW,65.0,33.0,218.0,88.0,35.0,58.0,68.0,634.0
Luis Scola,2012.0,PF,HOU,66.0,122.0,306.0,140.0,35.0,24.0,153.0,1025.0
Thabo Sefolosha,2012.0,SG,OKC,42.0,21.0,107.0,47.0,37.0,17.0,40.0,203.0
Ramon Sessions,2012.0,PG,TOT,64.0,33.0,181.0,354.0,44.0,3.0,141.0,721.0
J.R. Smith,2012.0,SG,NYK,35.0,29.0,107.0,84.0,54.0,6.0,46.0,436.0
Jason Smith,2012.0,PF,NOH,40.0,72.0,124.0,34.0,21.0,41.0,40.0,396.0
Marreese Speights,2012.0,PF,MEM,60.0,133.0,241.0,48.0,21.0,29.0,74.0,526.0
Rodney Stuckey,2012.0,SG,DET,55.0,38.0,104.0,210.0,44.0,10.0,106.0,812.0
Jeff Teague,2012.0,PG,ATL,66.0,21.0,138.0,321.0,106.0,37.0,134.0,831.0
Jason Terry,2012.0,SG,DAL,63.0,16.0,133.0,226.0,73.0,11.0,127.0,950.0
Marcus Thornton,2012.0,SG,SAC,51.0,84.0,104.0,98.0,71.0,12.0,84.0,952.0
Anthony Tolliver,2012.0,SF,MIN,51.0,50.0,103.0,22.0,18.0,19.0,35.0,208.0
Beno Udrih,2012.0,SG,MIL,59.0,26.0,76.0,227.0,37.0,1.0,77.0,348.0
Anderson Varejao,2012.0,C,CLE,25.0,109.0,178.0,43.0,35.0,17.0,45.0,271.0
Dwyane Wade,2012.0,SG,MIA,49.0,73.0,164.0,225.0,82.0,63.0,129.0,1082.0
C.J. Watson,2012.0,PG,CHI,49.0,21.0,84.0,200.0,45.0,8.0,97.0,474.0
David West,2012.0,PF,IND,66.0,118.0,315.0,140.0,52.0,46.0,93.0,842.0
Russell Westbrook,2012.0,PG,OKC,66.0,96.0,205.0,362.0,112.0,21.0,239.0,1558.0
Deron Williams,2012.0,PG,NJN,55.0,23.0,160.0,481.0,67.0,20.0,219.0,1154.0
Lou Williams,2012.0,PG,PHI,64.0,30.0,125.0,221.0,53.0,18.0,71.0,956.0
Nick Young,2012.0,SG,TOT,62.0,31.0,102.0,56.0,44.0,17.0,83.0,879.0
Thaddeus Young,2012.0,PF,PHI,63.0,137.0,188.0,74.0,64.0,41.0,55.0,808.0
Arron Afflalo,2013.0,SF,ORL,64.0,29.0,210.0,206.0,40.0,11.0,138.0,1057.0
LaMarcus Aldridge,2013.0,PF,POR,74.0,175.0,495.0,192.0,62.0,91.0,143.0,1560.0
Tony Allen,2013.0,SG,MEM,79.0,121.0,242.0,98.0,119.0,44.0,94.0,705.0
Chris Andersen,2013.0,C,MIA,42.0,57.0,115.0,17.0,16.0,44.0,24.0,207.0
Ryan Anderson,2013.0,PF,NOH,81.0,191.0,328.0,97.0,42.0,31.0,97.0,1309.0
Carmelo Anthony,2013.0,PF,NYK,67.0,134.0,326.0,171.0,52.0,32.0,175.0,1920.0
Joel Anthony,2013.0,C,MIA,62.0,45.0,70.0,13.0,13.0,42.0,22.0,87.0
Trevor Ariza,2013.0,SF,WAS,56.0,44.0,222.0,113.0,72.0,20.0,84.0,530.0
D.J. Augustin,2013.0,PG,IND,76.0,20.0,71.0,170.0,34.0,3.0,68.0,356.0
Leandro Barbosa,2013.0,PG,BOS,41.0,8.0,38.0,58.0,17.0,6.0,21.0,215.0
J.J. Barea,2013.0,PG,MIN,74.0,34.0,173.0,294.0,32.0,0.0,145.0,834.0
Matt Barnes,2013.0,SF,LAC,80.0,111.0,255.0,123.0,82.0,63.0,90.0,822.0
Brandon Bass,2013.0,PF,BOS,81.0,129.0,296.0,84.0,44.0,64.0,80.0,701.0
Nicolas Batum,2013.0,SF,POR,73.0,97.0,315.0,360.0,91.0,83.0,190.0,1047.0
Jerryd Bayless,2013.0,PG,MEM,80.0,22.0,154.0,264.0,59.0,17.0,120.0,693.0
Michael Beasley,2013.0,SF,PHO,75.0,52.0,230.0,111.0,31.0,34.0,144.0,759.0
Marco Belinelli,2013.0,SG,CHI,73.0,13.0,127.0,148.0,44.0,6.0,82.0,702.0
Andrew Bogut,2013.0,C,GSW,32.0,68.0,177.0,67.0,20.0,55.0,35.0,186.0
Corey Brewer,2013.0,SF,DEN,82.0,55.0,180.0,124.0,118.0,23.0,102.0,990.0
Jose Calderon,2013.0,PG,TOT,73.0,20.0,156.0,518.0,58.0,8.0,126.0,826.0
DeMarre Carroll,2013.0,SF,UTA,66.0,87.0,101.0,61.0,58.0,24.0,34.0,393.0
Vince Carter,2013.0,SF,DAL,81.0,58.0,276.0,194.0,74.0,44.0,106.0,1088.0
Tyson Chandler,2013.0,C,NYK,66.0,269.0,434.0,62.0,42.0,75.0,87.0,689.0
Darren Collison,2013.0,PG,DAL,81.0,31.0,188.0,415.0,100.0,8.0,173.0,972.0
Nick Collison,2013.0,C,OKC,81.0,123.0,210.0,121.0,51.0,30.0,69.0,412.0
Mike Conley,2013.0,PG,MEM,80.0,43.0,182.0,487.0,174.0,24.0,189.0,1168.0
Dante Cunningham,2013.0,PF,MIN,80.0,142.0,266.0,67.0,84.0,38.0,56.0,695.0
Stephen Curry,2013.0,PG,GSW,78.0,59.0,255.0,539.0,126.0,12.0,240.0,1786.0
Luol Deng,2013.0,SF,CHI,75.0,162.0,314.0,222.0,81.0,32.0,144.0,1237.0
DeMar DeRozan,2013.0,SG,TOR,82.0,48.0,272.0,204.0,76.0,24.0,151.0,1485.0
Boris Diaw,2013.0,PF,SAS,75.0,66.0,188.0,180.0,52.0,27.0,84.0,435.0
Goran Dragic,2013.0,PG,PHO,77.0,60.0,178.0,569.0,124.0,26.0,212.0,1134.0
Jared Dudley,2013.0,SF,PHO,79.0,79.0,166.0,203.0,75.0,8.0,101.0,861.0
Mike Dunleavy,2013.0,SF,MIL,75.0,31.0,260.0,145.0,39.0,35.0,90.0,785.0
Kevin Durant,2013.0,SF,OKC,81.0,46.0,594.0,374.0,116.0,105.0,280.0,2280.0
Wayne Ellington,2013.0,SG,TOT,78.0,25.0,141.0,104.0,45.0,3.0,57.0,614.0
Monta Ellis,2013.0,SG,MIL,82.0,45.0,271.0,496.0,169.0,36.0,254.0,1577.0
Tyreke Evans,2013.0,SG,SAC,65.0,56.0,231.0,229.0,90.0,27.0,128.0,987.0
Raymond Felton,2013.0,PG,NYK,68.0,51.0,143.0,372.0,94.0,14.0,155.0,948.0
Randy Foye,2013.0,SG,UTA,82.0,17.0,110.0,167.0,66.0,27.0,92.0,882.0
Marc Gasol,2013.0,C,MEM,80.0,184.0,438.0,318.0,80.0,139.0,157.0,1127.0
Pau Gasol,2013.0,PF,LAL,49.0,111.0,310.0,200.0,24.0,61.0,104.0,673.0
Rudy Gay,2013.0,SF,TOT,75.0,99.0,362.0,202.0,113.0,53.0,198.0,1366.0
Alonzo Gee,2013.0,SF,CLE,82.0,75.0,245.0,133.0,107.0,29.0,132.0,842.0
Taj Gibson,2013.0,PF,CHI,65.0,125.0,220.0,61.0,27.0,90.0,76.0,517.0
Manu Ginobili,2013.0,SG,SAS,60.0,30.0,171.0,274.0,80.0,13.0,132.0,705.0
Eric Gordon,2013.0,SG,NOH,42.0,10.0,67.0,137.0,45.0,8.0,117.0,713.0
Marcin Gortat,2013.0,C,PHO,61.0,128.0,388.0,75.0,40.0,98.0,99.0,680.0
Danny Green,2013.0,SG,SAS,80.0,36.0,208.0,141.0,92.0,54.0,94.0,838.0
James Harden,2013.0,SG,HOU,78.0,62.0,317.0,455.0,142.0,38.0,295.0,2023.0
Devin Harris,2013.0,SG,ATL,58.0,6.0,110.0,197.0,64.0,13.0,88.0,577.0
Udonis Haslem,2013.0,PF,MIA,75.0,97.0,307.0,38.0,30.0,15.0,45.0,290.0
Spencer Hawes,2013.0,C,PHI,82.0,173.0,417.0,183.0,24.0,113.0,131.0,905.0
Gerald Henderson,2013.0,SG,CHA,68.0,55.0,195.0,177.0,68.0,34.0,108.0,1055.0
Roy Hibbert,2013.0,C,IND,79.0,296.0,360.0,113.0,39.0,206.0,162.0,937.0
Nene Hilario,2013.0,PF,WAS,61.0,101.0,306.0,177.0,55.0,37.0,139.0,766.0
George Hill,2013.0,PG,IND,76.0,47.0,237.0,355.0,81.0,26.0,116.0,1076.0
Jordan Hill,2013.0,PF,LAL,29.0,82.0,84.0,13.0,8.0,19.0,26.0,194.0
Jrue Holiday,2013.0,PG,PHI,78.0,89.0,240.0,625.0,123.0,32.0,292.0,1383.0
Al Horford,2013.0,C,ATL,74.0,195.0,562.0,240.0,78.0,78.0,147.0,1289.0
Dwight Howard,2013.0,C,LAL,76.0,251.0,694.0,108.0,84.0,186.0,225.0,1296.0
Kris Humphries,2013.0,PF,BRK,65.0,126.0,239.0,32.0,16.0,33.0,57.0,375.0
Serge Ibaka,2013.0,PF,OKC,80.0,222.0,395.0,43.0,28.0,242.0,125.0,1055.0
Andre Iguodala,2013.0,SG,DEN,80.0,82.0,341.0,433.0,139.0,52.0,206.0,1038.0
Ersan Ilyasova,2013.0,PF,MIL,73.0,154.0,366.0,117.0,68.0,36.0,75.0,962.0
Jarrett Jack,2013.0,SG,GSW,79.0,21.0,222.0,439.0,60.0,11.0,157.0,1023.0
LeBron James,2013.0,PF,MIA,76.0,97.0,513.0,551.0,129.0,67.0,226.0,2036.0
Al Jefferson,2013.0,C,UTA,78.0,156.0,564.0,164.0,80.0,89.0,105.0,1391.0
Richard Jefferson,2013.0,SF,GSW,56.0,5.0,79.0,31.0,14.0,7.0,23.0,176.0
Brandon Jennings,2013.0,PG,MIL,80.0,59.0,187.0,521.0,125.0,10.0,203.0,1397.0
Amir Johnson,2013.0,PF,TOR,81.0,227.0,384.0,122.0,81.0,110.0,117.0,813.0
James Johnson,2013.0,SF,SAC,54.0,49.0,96.0,58.0,41.0,50.0,68.0,276.0
Joe Johnson,2013.0,SG,BRK,72.0,53.0,165.0,253.0,49.0,14.0,123.0,1170.0
James Jones,2013.0,SF,MIA,38.0,0.0,22.0,13.0,2.0,6.0,3.0,60.0
DeAndre Jordan,2013.0,C,LAC,82.0,210.0,384.0,28.0,48.0,112.0,100.0,724.0
Kyle Korver,2013.0,SF,ATL,74.0,23.0,270.0,146.0,70.0,37.0,70.0,810.0
Kosta Koufos,2013.0,C,DEN,81.0,211.0,351.0,32.0,44.0,103.0,53.0,648.0
Ty Lawson,2013.0,PG,DEN,73.0,36.0,162.0,501.0,107.0,8.0,182.0,1216.0
Courtney Lee,2013.0,SG,BOS,78.0,31.0,159.0,143.0,89.0,21.0,84.0,612.0
David Lee,2013.0,PF,GSW,79.0,218.0,668.0,279.0,67.0,22.0,207.0,1459.0
Shaun Livingston,2013.0,PG,TOT,66.0,31.0,127.0,215.0,48.0,31.0,76.0,417.0
Brook Lopez,2013.0,C,BRK,74.0,208.0,304.0,70.0,33.0,154.0,131.0,1437.0
Robin Lopez,2013.0,C,NOH,82.0,226.0,236.0,64.0,32.0,128.0,110.0,929.0
Kevin Love,2013.0,PF,MIN,18.0,64.0,188.0,42.0,13.0,9.0,39.0,330.0
Kyle Lowry,2013.0,PG,TOR,68.0,56.0,265.0,435.0,94.0,24.0,157.0,791.0
Ian Mahinmi,2013.0,C,IND,80.0,115.0,196.0,27.0,39.0,66.0,92.0,402.0
Wesley Matthews,2013.0,SG,POR,69.0,35.0,156.0,174.0,90.0,18.0,109.0,1022.0
Luc Mbah,2013.0,SF,MIL,58.0,89.0,167.0,55.0,42.0,14.0,70.0,387.0
JaVale McGee,2013.0,C,DEN,79.0,158.0,223.0,24.0,30.0,157.0,90.0,717.0
Josh McRoberts,2013.0,PF,TOT,67.0,93.0,232.0,141.0,32.0,27.0,66.0,401.0
Jodie Meeks,2013.0,SG,LAL,78.0,37.0,134.0,69.0,58.0,5.0,52.0,618.0
C.J. Miles,2013.0,SF,CLE,65.0,24.0,150.0,63.0,49.0,17.0,69.0,729.0
Mike Miller,2013.0,SF,MIA,59.0,18.0,139.0,99.0,21.0,4.0,35.0,281.0
Paul Millsap,2013.0,PF,UTA,78.0,177.0,377.0,201.0,102.0,80.0,138.0,1135.0
Anthony Morrow,2013.0,SG,TOT,41.0,11.0,19.0,13.0,13.0,1.0,8.0,164.0
Jameer Nelson,2013.0,PG,ORL,56.0,23.0,186.0,413.0,71.0,6.0,154.0,822.0
Steve Novak,2013.0,SF,NYK,81.0,17.0,135.0,35.0,28.0,8.0,12.0,535.0
Dirk Nowitzki,2013.0,PF,DAL,53.0,37.0,326.0,132.0,38.0,37.0,70.0,917.0
Tony Parker,2013.0,PG,SAS,66.0,18.0,180.0,499.0,54.0,6.0,170.0,1341.0
Chris Paul,2013.0,PG,LAC,70.0,53.0,209.0,678.0,169.0,10.0,159.0,1186.0
Paul Pierce,2013.0,SF,BOS,77.0,45.0,442.0,370.0,84.0,30.0,214.0,1430.0
Ronnie Price,2013.0,PG,POR,39.0,13.0,31.0,73.0,26.0,3.0,34.0,105.0
Zach Randolph,2013.0,PF,MEM,76.0,310.0,544.0,108.0,61.0,31.0,150.0,1169.0
J.J. Redick,2013.0,SG,TOT,78.0,17.0,154.0,296.0,38.0,9.0,138.0,1100.0
Rajon Rondo,2013.0,PG,BOS,38.0,43.0,169.0,420.0,70.0,9.0,148.0,522.0
Brandon Rush,2013.0,SF,GSW,2.0,0.0,1.0,2.0,0.0,0.0,3.0,14.0
Luis Scola,2013.0,PF,PHO,82.0,158.0,383.0,182.0,67.0,35.0,126.0,1048.0
Thabo Sefolosha,2013.0,SG,OKC,81.0,58.0,259.0,125.0,103.0,44.0,64.0,613.0
Ramon Sessions,2013.0,SG,CHA,61.0,27.0,142.0,230.0,48.0,7.0,104.0,876.0
J.R. Smith,2013.0,SG,NYK,80.0,64.0,361.0,218.0,100.0,24.0,134.0,1446.0
Jason Smith,2013.0,C,NOH,51.0,64.0,122.0,34.0,15.0,45.0,55.0,420.0
Marreese Speights,2013.0,C,TOT,79.0,146.0,240.0,47.0,24.0,53.0,80.0,658.0
Rodney Stuckey,2013.0,SG,DET,76.0,43.0,169.0,270.0,51.0,17.0,134.0,876.0
Jeff Teague,2013.0,PG,ATL,80.0,25.0,155.0,579.0,117.0,28.0,230.0,1166.0
Jason Terry,2013.0,SG,BOS,79.0,19.0,140.0,198.0,66.0,11.0,102.0,799.0
Marcus Thornton,2013.0,SG,SAC,72.0,50.0,131.0,91.0,61.0,4.0,68.0,916.0
Anthony Tolliver,2013.0,SF,ATL,62.0,31.0,124.0,32.0,15.0,12.0,36.0,253.0
Beno Udrih,2013.0,SG-PG,TOT,66.0,34.0,107.0,302.0,41.0,3.0,108.0,538.0
Anderson Varejao,2013.0,C,CLE,25.0,138.0,223.0,84.0,37.0,14.0,44.0,353.0
Dwyane Wade,2013.0,SG,MIA,69.0,86.0,258.0,352.0,128.0,56.0,194.0,1463.0
C.J. Watson,2013.0,PG,BRK,80.0,38.0,107.0,161.0,66.0,12.0,69.0,543.0
David West,2013.0,PF,IND,73.0,145.0,418.0,213.0,74.0,69.0,157.0,1250.0
Russell Westbrook,2013.0,PG,OKC,82.0,111.0,317.0,607.0,145.0,24.0,273.0,1903.0
Deron Williams,2013.0,PG,BRK,78.0,29.0,203.0,604.0,75.0,30.0,218.0,1476.0
Lou Williams,2013.0,SG,ATL,39.0,8.0,72.0,139.0,44.0,10.0,74.0,551.0
Nick Young,2013.0,SG,PHI,59.0,24.0,106.0,84.0,36.0,14.0,50.0,628.0
Thaddeus Young,2013.0,PF,PHI,76.0,182.0,389.0,125.0,133.0,55.0,90.0,1127.0
Arron Afflalo,2014.0,SG,ORL,73.0,32.0,230.0,248.0,35.0,3.0,146.0,1330.0
LaMarcus Aldridge,2014.0,PF,POR,69.0,166.0,599.0,178.0,63.0,68.0,123.0,1603.0
Tony Allen,2014.0,SG,MEM,55.0,79.0,129.0,94.0,90.0,19.0,90.0,495.0
Chris Andersen,2014.0,C,MIA,72.0,129.0,250.0,19.0,32.0,97.0,53.0,477.0
Ryan Anderson,2014.0,PF,NOP,22.0,66.0,76.0,17.0,10.0,7.0,20.0,436.0
Carmelo Anthony,2014.0,PF,NYK,77.0,145.0,477.0,242.0,95.0,51.0,198.0,2112.0
Joel Anthony,2014.0,C,TOT,33.0,15.0,23.0,2.0,3.0,12.0,3.0,28.0
Trevor Ariza,2014.0,SF,WAS,77.0,99.0,376.0,191.0,126.0,20.0,132.0,1107.0
D.J. Augustin,2014.0,PG,TOT,71.0,15.0,115.0,313.0,53.0,3.0,125.0,930.0
Leandro Barbosa,2014.0,PG,PHO,20.0,5.0,32.0,32.0,7.0,4.0,19.0,150.0
J.J. Barea,2014.0,PG,MIN,79.0,16.0,138.0,303.0,26.0,0.0,125.0,660.0
Matt Barnes,2014.0,SF,LAC,63.0,60.0,232.0,125.0,56.0,28.0,85.0,625.0
Brandon Bass,2014.0,PF,BOS,82.0,161.0,309.0,87.0,36.0,71.0,102.0,911.0
Nicolas Batum,2014.0,SF,POR,82.0,116.0,495.0,420.0,75.0,57.0,208.0,1070.0
Jerryd Bayless,2014.0,PG,TOT,72.0,22.0,123.0,194.0,60.0,9.0,82.0,666.0
Michael Beasley,2014.0,SF,MIA,55.0,31.0,141.0,42.0,23.0,21.0,57.0,436.0
Marco Belinelli,2014.0,SF,SAS,80.0,18.0,208.0,179.0,50.0,7.0,95.0,911.0
Andrew Bogut,2014.0,C,GSW,67.0,182.0,489.0,112.0,47.0,121.0,97.0,492.0
Corey Brewer,2014.0,SF,MIN,81.0,63.0,144.0,135.0,151.0,30.0,105.0,998.0
Jose Calderon,2014.0,PG,DAL,81.0,29.0,163.0,377.0,69.0,11.0,103.0,925.0
DeMarre Carroll,2014.0,SF,ATL,73.0,107.0,296.0,134.0,108.0,21.0,79.0,810.0
Vince Carter,2014.0,SG,DAL,81.0,67.0,217.0,212.0,61.0,35.0,108.0,967.0
Tyson Chandler,2014.0,C,NYK,55.0,159.0,370.0,59.0,36.0,63.0,71.0,480.0
Darren Collison,2014.0,PG,LAC,80.0,47.0,141.0,297.0,93.0,15.0,132.0,911.0
Nick Collison,2014.0,PF,OKC,81.0,116.0,177.0,104.0,30.0,28.0,71.0,338.0
Mike Conley,2014.0,PG,MEM,73.0,41.0,172.0,441.0,110.0,13.0,150.0,1256.0
Dante Cunningham,2014.0,PF,MIN,81.0,112.0,218.0,83.0,62.0,58.0,42.0,510.0
Stephen Curry,2014.0,PG,GSW,78.0,46.0,288.0,666.0,128.0,14.0,294.0,1873.0
Luol Deng,2014.0,SF,TOT,63.0,99.0,262.0,183.0,62.0,9.0,114.0,1011.0
DeMar DeRozan,2014.0,SG,TOR,79.0,51.0,292.0,313.0,86.0,28.0,176.0,1791.0
Boris Diaw,2014.0,PF,SAS,79.0,74.0,252.0,222.0,44.0,32.0,121.0,717.0
Goran Dragic,2014.0,SG,PHO,76.0,69.0,176.0,447.0,104.0,22.0,213.0,1542.0
Jared Dudley,2014.0,SF,LAC,74.0,36.0,124.0,104.0,41.0,10.0,56.0,511.0
Mike Dunleavy,2014.0,SF,CHI,82.0,46.0,299.0,186.0,64.0,46.0,108.0,929.0
Kevin Durant,2014.0,SF,OKC,81.0,58.0,540.0,445.0,103.0,59.0,285.0,2593.0
Wayne Ellington,2014.0,SG,DAL,45.0,8.0,35.0,19.0,16.0,2.0,11.0,145.0
Monta Ellis,2014.0,SG,DAL,82.0,38.0,257.0,471.0,141.0,23.0,264.0,1560.0
Tyreke Evans,2014.0,SF,NOP,72.0,76.0,265.0,363.0,84.0,21.0,175.0,1042.0
Raymond Felton,2014.0,PG,NYK,65.0,54.0,143.0,365.0,78.0,27.0,129.0,630.0
Randy Foye,2014.0,SG,DEN,81.0,36.0,196.0,287.0,67.0,39.0,145.0,1068.0
Marc Gasol,2014.0,C,MEM,59.0,84.0,340.0,215.0,59.0,76.0,111.0,859.0
Pau Gasol,2014.0,C,LAL,60.0,124.0,456.0,201.0,27.0,92.0,141.0,1041.0
Rudy Gay,2014.0,SF,TOT,73.0,113.0,324.0,209.0,95.0,56.0,224.0,1457.0
Alonzo Gee,2014.0,SF,CLE,65.0,35.0,114.0,47.0,39.0,15.0,44.0,258.0
Taj Gibson,2014.0,PF,CHI,82.0,200.0,358.0,91.0,41.0,112.0,150.0,1069.0
Manu Ginobili,2014.0,SG,SAS,68.0,30.0,172.0,293.0,70.0,17.0,139.0,838.0
Eric Gordon,2014.0,SG,NOP,64.0,30.0,135.0,208.0,74.0,12.0,134.0,988.0
Marcin Gortat,2014.0,C,WAS,81.0,202.0,565.0,138.0,41.0,121.0,126.0,1068.0
Danny Green,2014.0,SG,SAS,68.0,25.0,204.0,104.0,65.0,61.0,76.0,618.0
James Harden,2014.0,SG,HOU,73.0,61.0,283.0,446.0,115.0,29.0,265.0,1851.0
Devin Harris,2014.0,PG,DAL,40.0,8.0,77.0,178.0,28.0,2.0,59.0,315.0
Udonis Haslem,2014.0,PF,MIA,46.0,42.0,133.0,13.0,11.0,15.0,24.0,173.0
Spencer Hawes,2014.0,C,TOT,80.0,131.0,529.0,240.0,44.0,94.0,173.0,1053.0
Gerald Henderson,2014.0,SG,CHA,77.0,31.0,279.0,199.0,51.0,32.0,113.0,1081.0
Roy Hibbert,2014.0,C,IND,81.0,202.0,336.0,91.0,29.0,182.0,148.0,871.0
Nene Hilario,2014.0,PF,WAS,53.0,65.0,229.0,153.0,64.0,47.0,117.0,754.0
George Hill,2014.0,PG,IND,76.0,53.0,230.0,265.0,75.0,23.0,92.0,781.0
Jordan Hill,2014.0,PF,LAL,72.0,194.0,341.0,54.0,29.0,64.0,75.0,696.0
Jrue Holiday,2014.0,PG,NOP,34.0,28.0,114.0,268.0,56.0,12.0,105.0,487.0
Al Horford,2014.0,C,ATL,29.0,66.0,178.0,76.0,27.0,44.0,64.0,538.0
Dwight Howard,2014.0,C,HOU,71.0,231.0,635.0,131.0,60.0,128.0,229.0,1297.0
Kris Humphries,2014.0,PF,BOS,69.0,127.0,282.0,67.0,31.0,61.0,64.0,579.0
Serge Ibaka,2014.0,PF,OKC,81.0,224.0,485.0,85.0,39.0,219.0,123.0,1227.0
Andre Iguodala,2014.0,SF,GSW,63.0,53.0,240.0,263.0,95.0,18.0,100.0,588.0
Ersan Ilyasova,2014.0,PF,MIL,55.0,107.0,235.0,72.0,46.0,8.0,61.0,618.0
Jarrett Jack,2014.0,PG,CLE,80.0,22.0,201.0,324.0,56.0,22.0,133.0,760.0
LeBron James,2014.0,PF,MIA,77.0,81.0,452.0,488.0,121.0,26.0,270.0,2089.0
Al Jefferson,2014.0,C,CHA,73.0,156.0,636.0,155.0,67.0,79.0,124.0,1594.0
Richard Jefferson,2014.0,SF,UTA,82.0,18.0,201.0,130.0,56.0,14.0,94.0,831.0
Brandon Jennings,2014.0,PG,DET,80.0,59.0,185.0,609.0,101.0,8.0,215.0,1241.0
Amir Johnson,2014.0,PF,TOR,77.0,172.0,333.0,115.0,56.0,88.0,123.0,799.0
James Johnson,2014.0,SF,MEM,52.0,60.0,106.0,111.0,42.0,57.0,66.0,384.0
Joe Johnson,2014.0,SG,BRK,79.0,48.0,222.0,216.0,47.0,10.0,120.0,1245.0
James Jones,2014.0,SF,MIA,20.0,2.0,21.0,9.0,3.0,4.0,4.0,97.0
DeAndre Jordan,2014.0,C,LAC,82.0,331.0,783.0,74.0,80.0,203.0,123.0,856.0
Kyle Korver,2014.0,SG,ATL,71.0,22.0,260.0,208.0,70.0,24.0,102.0,850.0
Kosta Koufos,2014.0,C,MEM,80.0,160.0,258.0,39.0,32.0,71.0,67.0,514.0
Ty Lawson,2014.0,PG,DEN,62.0,40.0,175.0,543.0,100.0,10.0,200.0,1090.0
Courtney Lee,2014.0,SG,TOT,79.0,29.0,158.0,115.0,65.0,28.0,73.0,761.0
David Lee,2014.0,PF,GSW,69.0,182.0,461.0,147.0,48.0,26.0,152.0,1257.0
Shaun Livingston,2014.0,PG,BRK,76.0,67.0,179.0,245.0,93.0,31.0,105.0,629.0
Brook Lopez,2014.0,C,BRK,17.0,39.0,63.0,16.0,9.0,30.0,28.0,352.0
Robin Lopez,2014.0,C,POR,82.0,326.0,374.0,73.0,25.0,139.0,84.0,908.0
Kevin Love,2014.0,PF,MIN,77.0,224.0,739.0,341.0,59.0,35.0,196.0,2010.0
Kyle Lowry,2014.0,PG,TOR,79.0,88.0,281.0,586.0,121.0,15.0,194.0,1417.0
Ian Mahinmi,2014.0,C,IND,77.0,107.0,150.0,24.0,41.0,72.0,58.0,272.0
Wesley Matthews,2014.0,SG,POR,82.0,51.0,238.0,197.0,76.0,14.0,110.0,1343.0
Luc Mbah,2014.0,PF-SF,TOT,64.0,56.0,90.0,36.0,30.0,14.0,40.0,224.0
JaVale McGee,2014.0,C,DEN,5.0,10.0,7.0,2.0,1.0,7.0,8.0,35.0
Josh McRoberts,2014.0,PF,CHA,78.0,85.0,288.0,333.0,58.0,46.0,83.0,661.0
Jodie Meeks,2014.0,SG,LAL,77.0,30.0,164.0,138.0,111.0,4.0,111.0,1209.0
C.J. Miles,2014.0,SG,CLE,51.0,18.0,85.0,52.0,46.0,15.0,44.0,503.0
Mike Miller,2014.0,SF,MEM,82.0,30.0,177.0,130.0,26.0,5.0,77.0,579.0
Paul Millsap,2014.0,PF,ATL,74.0,154.0,473.0,232.0,129.0,78.0,185.0,1328.0
Anthony Morrow,2014.0,SG,NOP,76.0,29.0,111.0,59.0,38.0,12.0,51.0,636.0
Jameer Nelson,2014.0,PG,ORL,68.0,29.0,202.0,476.0,52.0,5.0,166.0,820.0
Steve Novak,2014.0,PF,TOR,54.0,8.0,50.0,13.0,12.0,4.0,5.0,178.0
Dirk Nowitzki,2014.0,PF,DAL,80.0,40.0,458.0,216.0,73.0,45.0,117.0,1735.0
Tony Parker,2014.0,PG,SAS,68.0,17.0,138.0,388.0,36.0,9.0,151.0,1134.0
Chris Paul,2014.0,PG,LAC,62.0,38.0,230.0,663.0,154.0,4.0,145.0,1185.0
Paul Pierce,2014.0,SF,BRK,75.0,26.0,322.0,178.0,86.0,31.0,153.0,1010.0
Ronnie Price,2014.0,SG,ORL,31.0,8.0,35.0,66.0,25.0,2.0,26.0,74.0
Zach Randolph,2014.0,PF,MEM,79.0,265.0,530.0,200.0,54.0,23.0,183.0,1372.0
J.J. Redick,2014.0,SG,LAC,35.0,9.0,65.0,78.0,28.0,3.0,42.0,532.0
Rajon Rondo,2014.0,PG,BOS,30.0,22.0,142.0,294.0,40.0,2.0,99.0,350.0
Brandon Rush,2014.0,SG,UTA,38.0,5.0,39.0,24.0,5.0,9.0,20.0,79.0
Luis Scola,2014.0,PF,IND,82.0,86.0,305.0,81.0,26.0,16.0,108.0,626.0
Thabo Sefolosha,2014.0,SG,OKC,61.0,50.0,170.0,94.0,79.0,17.0,55.0,383.0
Ramon Sessions,2014.0,PG,TOT,83.0,38.0,165.0,340.0,49.0,9.0,148.0,1021.0
J.R. Smith,2014.0,SF,NYK,74.0,35.0,261.0,219.0,65.0,20.0,108.0,1071.0
Jason Smith,2014.0,PF,NOP,31.0,51.0,130.0,29.0,11.0,29.0,28.0,301.0
Marreese Speights,2014.0,C,GSW,79.0,101.0,189.0,32.0,10.0,34.0,66.0,508.0
Rodney Stuckey,2014.0,SG,DET,73.0,39.0,130.0,152.0,54.0,10.0,125.0,1012.0
Jeff Teague,2014.0,PG,ATL,79.0,34.0,174.0,528.0,89.0,17.0,232.0,1304.0
Jason Terry,2014.0,PG,BRK,35.0,4.0,33.0,56.0,13.0,0.0,27.0,159.0
Marcus Thornton,2014.0,SG,TOT,72.0,57.0,141.0,77.0,58.0,11.0,67.0,703.0
Anthony Tolliver,2014.0,PF,CHA,64.0,33.0,135.0,42.0,19.0,15.0,23.0,393.0
Beno Udrih,2014.0,SG,TOT,41.0,10.0,49.0,116.0,23.0,4.0,47.0,200.0
Anderson Varejao,2014.0,C,CLE,65.0,187.0,442.0,140.0,69.0,39.0,72.0,546.0
Dwyane Wade,2014.0,SG,MIA,54.0,60.0,181.0,252.0,79.0,29.0,161.0,1028.0
C.J. Watson,2014.0,PG,IND,63.0,19.0,82.0,107.0,60.0,8.0,60.0,414.0
David West,2014.0,PF,IND,80.0,120.0,422.0,223.0,61.0,74.0,133.0,1118.0
Russell Westbrook,2014.0,PG,OKC,46.0,55.0,208.0,319.0,88.0,7.0,177.0,1002.0
Deron Williams,2014.0,PG,BRK,64.0,15.0,153.0,392.0,93.0,13.0,143.0,915.0
Lou Williams,2014.0,PG,ATL,60.0,10.0,114.0,210.0,45.0,4.0,92.0,625.0
Nick Young,2014.0,SG,LAL,64.0,29.0,137.0,95.0,46.0,12.0,95.0,1144.0
Thaddeus Young,2014.0,PF,PHI,79.0,166.0,310.0,182.0,167.0,36.0,165.0,1417.0
Arron Afflalo,2015.0,SG,TOT,78.0,27.0,220.0,129.0,41.0,7.0,116.0,1035.0
LaMarcus Aldridge,2015.0,PF,POR,71.0,177.0,549.0,124.0,48.0,68.0,122.0,1661.0
Tony Allen,2015.0,SG,MEM,63.0,103.0,177.0,86.0,129.0,30.0,86.0,539.0
Chris Andersen,2015.0,C,MIA,60.0,76.0,223.0,43.0,26.0,61.0,40.0,320.0
Ryan Anderson,2015.0,PF,NOP,61.0,108.0,187.0,55.0,33.0,20.0,62.0,833.0
Carmelo Anthony,2015.0,SF,NYK,40.0,72.0,192.0,122.0,40.0,17.0,89.0,966.0
Joel Anthony,2015.0,C,DET,49.0,32.0,61.0,5.0,12.0,49.0,12.0,87.0
Trevor Ariza,2015.0,SF,HOU,82.0,77.0,382.0,209.0,152.0,17.0,141.0,1048.0
D.J. Augustin,2015.0,PG,TOT,82.0,20.0,141.0,353.0,49.0,3.0,145.0,777.0
Leandro Barbosa,2015.0,SG,GSW,66.0,23.0,68.0,99.0,41.0,8.0,44.0,467.0
J.J. Barea,2015.0,PG,DAL,77.0,23.0,111.0,263.0,33.0,1.0,70.0,580.0
Matt Barnes,2015.0,SF,LAC,76.0,51.0,251.0,114.0,67.0,50.0,87.0,764.0
Brandon Bass,2015.0,PF,BOS,82.0,139.0,259.0,104.0,41.0,32.0,83.0,866.0
Nicolas Batum,2015.0,SF,POR,71.0,62.0,354.0,341.0,78.0,40.0,132.0,664.0
Jerryd Bayless,2015.0,PG,MIL,77.0,22.0,189.0,233.0,59.0,12.0,133.0,598.0
Michael Beasley,2015.0,PF,MIA,24.0,12.0,77.0,32.0,15.0,13.0,37.0,212.0
Marco Belinelli,2015.0,SG,SAS,62.0,26.0,131.0,94.0,31.0,3.0,61.0,568.0
Andrew Bogut,2015.0,C,GSW,67.0,141.0,402.0,180.0,39.0,113.0,106.0,422.0
Corey Brewer,2015.0,SF,TOT,80.0,80.0,217.0,173.0,114.0,19.0,131.0,917.0
Jose Calderon,2015.0,PG,NYK,42.0,19.0,105.0,198.0,31.0,0.0,75.0,382.0
DeMarre Carroll,2015.0,SF,ATL,70.0,99.0,273.0,118.0,94.0,17.0,75.0,883.0
Vince Carter,2015.0,SG,MEM,66.0,27.0,106.0,79.0,43.0,14.0,43.0,384.0
Tyson Chandler,2015.0,C,DAL,75.0,294.0,570.0,84.0,42.0,91.0,105.0,771.0
Darren Collison,2015.0,PG,SAC,45.0,19.0,124.0,252.0,67.0,14.0,112.0,725.0
Nick Collison,2015.0,PF,OKC,66.0,90.0,160.0,90.0,35.0,25.0,45.0,273.0
Mike Conley,2015.0,PG,MEM,70.0,29.0,180.0,375.0,89.0,14.0,156.0,1107.0
Dante Cunningham,2015.0,PF,NOP,66.0,70.0,186.0,50.0,46.0,37.0,35.0,340.0
Stephen Curry,2015.0,PG,GSW,80.0,56.0,285.0,619.0,163.0,16.0,249.0,1900.0
Luol Deng,2015.0,SF,MIA,72.0,103.0,273.0,139.0,65.0,22.0,108.0,1007.0
DeMar DeRozan,2015.0,SG,TOR,60.0,41.0,236.0,210.0,73.0,11.0,137.0,1204.0
Boris Diaw,2015.0,PF,SAS,81.0,78.0,270.0,233.0,36.0,23.0,126.0,708.0
Goran Dragic,2015.0,SG-PG,TOT,78.0,81.0,193.0,350.0,78.0,15.0,173.0,1275.0
Jared Dudley,2015.0,SG,MIL,72.0,45.0,175.0,130.0,72.0,11.0,62.0,518.0
Mike Dunleavy,2015.0,SF,CHI,63.0,28.0,220.0,114.0,39.0,21.0,60.0,595.0
Kevin Durant,2015.0,SF,OKC,27.0,16.0,162.0,110.0,24.0,25.0,74.0,686.0
Wayne Ellington,2015.0,SG,LAL,65.0,31.0,179.0,105.0,33.0,2.0,50.0,650.0
Monta Ellis,2015.0,SG,DAL,80.0,34.0,156.0,329.0,148.0,25.0,198.0,1513.0
Tyreke Evans,2015.0,SG,NOP,79.0,82.0,334.0,521.0,100.0,37.0,246.0,1313.0
Raymond Felton,2015.0,PG,DAL,29.0,2.0,24.0,41.0,11.0,4.0,18.0,108.0
Randy Foye,2015.0,SG,DEN,50.0,9.0,76.0,119.0,34.0,11.0,60.0,435.0
Marc Gasol,2015.0,C,MEM,81.0,115.0,515.0,307.0,70.0,131.0,176.0,1413.0
Pau Gasol,2015.0,PF,CHI,78.0,220.0,699.0,210.0,25.0,147.0,158.0,1446.0
Rudy Gay,2015.0,SF,SAC,68.0,98.0,301.0,250.0,71.0,41.0,183.0,1432.0
Alonzo Gee,2015.0,SF,TOT,54.0,37.0,57.0,25.0,35.0,7.0,33.0,241.0
Taj Gibson,2015.0,PF,CHI,62.0,162.0,234.0,71.0,36.0,75.0,77.0,640.0
Manu Ginobili,2015.0,SG,SAS,70.0,28.0,183.0,293.0,67.0,20.0,154.0,738.0
Eric Gordon,2015.0,SG,NOP,61.0,28.0,131.0,229.0,50.0,14.0,122.0,818.0
Marcin Gortat,2015.0,C,WAS,82.0,180.0,537.0,97.0,49.0,110.0,100.0,1001.0
Danny Green,2015.0,SG,SAS,81.0,54.0,289.0,158.0,101.0,87.0,93.0,946.0
James Harden,2015.0,SG,HOU,81.0,75.0,384.0,565.0,154.0,60.0,321.0,2217.0
Devin Harris,2015.0,PG,DAL,76.0,13.0,122.0,237.0,78.0,14.0,85.0,665.0
Udonis Haslem,2015.0,PF,MIA,62.0,71.0,187.0,46.0,21.0,13.0,41.0,261.0
Spencer Hawes,2015.0,PF,LAC,73.0,30.0,228.0,88.0,24.0,53.0,61.0,425.0
Gerald Henderson,2015.0,SG,CHO,80.0,36.0,237.0,206.0,51.0,22.0,110.0,969.0
Roy Hibbert,2015.0,C,IND,76.0,156.0,384.0,84.0,18.0,125.0,107.0,802.0
Nene Hilario,2015.0,PF,WAS,67.0,84.0,261.0,123.0,66.0,22.0,124.0,737.0
George Hill,2015.0,PG,IND,43.0,25.0,154.0,220.0,44.0,14.0,69.0,692.0
Jordan Hill,2015.0,C,LAL,70.0,174.0,382.0,103.0,34.0,52.0,106.0,841.0
Jrue Holiday,2015.0,PG,NOP,40.0,32.0,103.0,274.0,63.0,23.0,91.0,592.0
Al Horford,2015.0,C,ATL,76.0,131.0,413.0,244.0,68.0,98.0,100.0,1156.0
Dwight Howard,2015.0,C,HOU,41.0,110.0,321.0,50.0,28.0,53.0,115.0,646.0
Kris Humphries,2015.0,PF,WAS,64.0,118.0,298.0,57.0,34.0,25.0,46.0,509.0
Serge Ibaka,2015.0,PF,OKC,64.0,135.0,364.0,55.0,30.0,155.0,97.0,917.0
Andre Iguodala,2015.0,SF,GSW,77.0,44.0,213.0,228.0,89.0,25.0,88.0,604.0
Ersan Ilyasova,2015.0,PF,MIL,58.0,80.0,197.0,56.0,36.0,19.0,45.0,669.0
Jarrett Jack,2015.0,PG,BRK,80.0,19.0,226.0,373.0,75.0,13.0,191.0,957.0
LeBron James,2015.0,SF,CLE,69.0,51.0,365.0,511.0,109.0,49.0,272.0,1743.0
Al Jefferson,2015.0,C,CHO,65.0,99.0,449.0,113.0,47.0,84.0,68.0,1082.0
Richard Jefferson,2015.0,SF,DAL,74.0,25.0,158.0,61.0,32.0,11.0,52.0,432.0
Brandon Jennings,2015.0,PG,DET,41.0,21.0,83.0,272.0,44.0,4.0,90.0,632.0
Amir Johnson,2015.0,PF,TOR,75.0,159.0,297.0,117.0,44.0,59.0,110.0,694.0
James Johnson,2015.0,PF,TOR,70.0,61.0,196.0,95.0,54.0,70.0,79.0,554.0
Joe Johnson,2015.0,SG,BRK,80.0,53.0,331.0,292.0,59.0,14.0,137.0,1154.0
James Jones,2015.0,SF,CLE,57.0,9.0,53.0,24.0,13.0,8.0,13.0,250.0
DeAndre Jordan,2015.0,C,LAC,82.0,397.0,829.0,61.0,81.0,183.0,109.0,946.0
Kyle Korver,2015.0,SG,ATL,75.0,15.0,289.0,196.0,52.0,42.0,107.0,911.0
Kosta Koufos,2015.0,C,MEM,81.0,121.0,305.0,37.0,29.0,63.0,69.0,419.0
Ty Lawson,2015.0,PG,DEN,75.0,42.0,192.0,720.0,92.0,9.0,185.0,1143.0
Courtney Lee,2015.0,SG,MEM,77.0,21.0,157.0,151.0,75.0,12.0,78.0,777.0
David Lee,2015.0,PF,GSW,49.0,81.0,176.0,85.0,31.0,26.0,49.0,388.0
Shaun Livingston,2015.0,PG,GSW,78.0,43.0,140.0,259.0,49.0,20.0,102.0,461.0
Brook Lopez,2015.0,C,BRK,72.0,214.0,321.0,50.0,43.0,126.0,104.0,1236.0
Robin Lopez,2015.0,C,POR,59.0,190.0,204.0,55.0,16.0,84.0,73.0,566.0
Kevin Love,2015.0,PF,CLE,75.0,142.0,589.0,168.0,51.0,39.0,122.0,1228.0
Kyle Lowry,2015.0,PG,TOR,70.0,54.0,274.0,473.0,109.0,13.0,173.0,1244.0
Ian Mahinmi,2015.0,C,IND,61.0,105.0,251.0,33.0,30.0,46.0,59.0,265.0
Wesley Matthews,2015.0,SG,POR,60.0,38.0,184.0,139.0,77.0,10.0,81.0,956.0
Luc Mbah,2015.0,PF,PHI,67.0,82.0,246.0,106.0,81.0,21.0,99.0,660.0
JaVale McGee,2015.0,C,TOT,23.0,18.0,43.0,3.0,2.0,20.0,18.0,106.0
Josh McRoberts,2015.0,PF,MIA,17.0,7.0,38.0,33.0,12.0,3.0,22.0,72.0
Jodie Meeks,2015.0,SG,DET,60.0,12.0,92.0,79.0,59.0,6.0,57.0,663.0
C.J. Miles,2015.0,SG,IND,70.0,18.0,196.0,75.0,60.0,26.0,73.0,942.0
Mike Miller,2015.0,SF,CLE,52.0,4.0,87.0,46.0,14.0,4.0,23.0,109.0
Paul Millsap,2015.0,PF,ATL,73.0,139.0,431.0,223.0,130.0,69.0,166.0,1218.0
Anthony Morrow,2015.0,SG,OKC,74.0,40.0,155.0,60.0,54.0,11.0,38.0,790.0
Jameer Nelson,2015.0,PG,TOT,63.0,33.0,113.0,253.0,47.0,6.0,109.0,523.0
Steve Novak,2015.0,SF-PF,TOT,35.0,2.0,20.0,11.0,0.0,2.0,5.0,63.0
Dirk Nowitzki,2015.0,PF,DAL,77.0,44.0,413.0,143.0,39.0,33.0,82.0,1333.0
Tony Parker,2015.0,PG,SAS,68.0,15.0,114.0,335.0,44.0,2.0,146.0,976.0
Chris Paul,2015.0,PG,LAC,82.0,52.0,324.0,838.0,156.0,15.0,190.0,1564.0
Paul Pierce,2015.0,SF,WAS,73.0,45.0,249.0,144.0,46.0,24.0,92.0,868.0
Ronnie Price,2015.0,PG,LAL,43.0,19.0,50.0,165.0,67.0,4.0,52.0,221.0
Zach Randolph,2015.0,PF,MEM,71.0,225.0,522.0,153.0,69.0,14.0,156.0,1143.0
J.J. Redick,2015.0,SG,LAC,78.0,22.0,145.0,137.0,39.0,8.0,95.0,1277.0
Rajon Rondo,2015.0,PG,TOT,68.0,73.0,300.0,538.0,91.0,7.0,210.0,608.0
Brandon Rush,2015.0,SG,GSW,33.0,4.0,37.0,12.0,5.0,12.0,11.0,30.0
Luis Scola,2015.0,PF,IND,81.0,138.0,388.0,105.0,47.0,18.0,94.0,763.0
Thabo Sefolosha,2015.0,SF,ATL,52.0,53.0,170.0,75.0,53.0,21.0,38.0,278.0
Ramon Sessions,2015.0,PG,TOT,64.0,23.0,121.0,182.0,29.0,0.0,86.0,402.0
J.R. Smith,2015.0,SG,TOT,70.0,30.0,188.0,195.0,82.0,22.0,97.0,847.0
Jason Smith,2015.0,C,NYK,82.0,98.0,226.0,140.0,32.0,44.0,104.0,656.0
Marreese Speights,2015.0,C,GSW,76.0,109.0,216.0,72.0,20.0,34.0,82.0,791.0
Rodney Stuckey,2015.0,PG,IND,71.0,36.0,212.0,219.0,56.0,10.0,118.0,896.0
Jeff Teague,2015.0,PG,ATL,73.0,30.0,154.0,513.0,125.0,31.0,205.0,1162.0
Jason Terry,2015.0,SG,HOU,77.0,15.0,106.0,147.0,66.0,19.0,74.0,541.0
Marcus Thornton,2015.0,SG,TOT,48.0,23.0,63.0,36.0,27.0,7.0,27.0,380.0
Anthony Tolliver,2015.0,PF,TOT,76.0,51.0,185.0,59.0,24.0,16.0,51.0,482.0
Beno Udrih,2015.0,PG,MEM,79.0,20.0,123.0,220.0,46.0,8.0,89.0,605.0
Anderson Varejao,2015.0,C,CLE,26.0,57.0,113.0,35.0,19.0,16.0,35.0,255.0
Dwyane Wade,2015.0,SG,MIA,62.0,58.0,161.0,299.0,73.0,21.0,209.0,1331.0
C.J. Watson,2015.0,PG,IND,57.0,18.0,145.0,208.0,57.0,9.0,100.0,570.0
David West,2015.0,PF,IND,66.0,108.0,341.0,223.0,48.0,48.0,120.0,769.0
Russell Westbrook,2015.0,PG,OKC,67.0,124.0,364.0,574.0,140.0,14.0,293.0,1886.0
Deron Williams,2015.0,PG,BRK,68.0,29.0,208.0,448.0,64.0,17.0,154.0,884.0
Lou Williams,2015.0,SG,TOR,80.0,24.0,127.0,164.0,88.0,10.0,101.0,1242.0
Nick Young,2015.0,SG,LAL,42.0,17.0,79.0,41.0,23.0,11.0,44.0,563.0
Thaddeus Young,2015.0,PF,TOT,76.0,127.0,284.0,173.0,124.0,25.0,117.0,1071.0
Arron Afflalo,2016.0,SG,NYK,71.0,23.0,243.0,144.0,25.0,10.0,82.0,909.0
LaMarcus Aldridge,2016.0,PF,SAS,74.0,176.0,456.0,110.0,38.0,81.0,99.0,1331.0
Tony Allen,2016.0,SG,MEM,64.0,104.0,192.0,70.0,110.0,18.0,78.0,535.0
Chris Andersen,2016.0,C,TOT,27.0,36.0,62.0,12.0,15.0,13.0,9.0,105.0
Ryan Anderson,2016.0,PF,NOP,66.0,131.0,265.0,73.0,38.0,25.0,90.0,1124.0
Carmelo Anthony,2016.0,SF,NYK,72.0,98.0,458.0,299.0,62.0,38.0,176.0,1573.0
Joel Anthony,2016.0,C,DET,19.0,8.0,13.0,1.0,2.0,12.0,2.0,18.0
Trevor Ariza,2016.0,SF,HOU,81.0,67.0,299.0,188.0,160.0,26.0,113.0,1025.0
D.J. Augustin,2016.0,PG,TOT,62.0,8.0,87.0,198.0,38.0,4.0,84.0,467.0
Leandro Barbosa,2016.0,SG,GSW,68.0,28.0,89.0,82.0,44.0,10.0,53.0,433.0
J.J. Barea,2016.0,PG,DAL,74.0,26.0,126.0,302.0,26.0,2.0,113.0,808.0
Matt Barnes,2016.0,SF,MEM,76.0,84.0,336.0,163.0,78.0,57.0,121.0,758.0
Brandon Bass,2016.0,PF,LAL,66.0,104.0,181.0,74.0,33.0,55.0,42.0,473.0
Nicolas Batum,2016.0,SF,CHO,70.0,55.0,373.0,403.0,65.0,43.0,205.0,1046.0
Jerryd Bayless,2016.0,SG,MIL,52.0,21.0,120.0,163.0,47.0,11.0,73.0,541.0
Michael Beasley,2016.0,PF,HOU,20.0,29.0,69.0,16.0,11.0,9.0,24.0,255.0
Marco Belinelli,2016.0,SG,SAC,68.0,10.0,107.0,127.0,37.0,2.0,80.0,696.0
Andrew Bogut,2016.0,C,GSW,70.0,121.0,371.0,162.0,33.0,114.0,83.0,375.0
Corey Brewer,2016.0,SF,HOU,82.0,42.0,157.0,109.0,84.0,19.0,78.0,590.0
Jose Calderon,2016.0,PG,NYK,72.0,22.0,207.0,298.0,63.0,7.0,87.0,544.0
DeMarre Carroll,2016.0,SF,TOR,26.0,31.0,91.0,27.0,44.0,6.0,28.0,286.0
Vince Carter,2016.0,SG,MEM,60.0,31.0,115.0,56.0,38.0,16.0,35.0,395.0
Tyson Chandler,2016.0,C,PHO,66.0,175.0,401.0,64.0,36.0,44.0,93.0,472.0
Darren Collison,2016.0,PG,SAC,74.0,28.0,141.0,318.0,76.0,4.0,130.0,1035.0
Nick Collison,2016.0,PF,OKC,59.0,68.0,103.0,52.0,15.0,16.0,50.0,123.0
Mike Conley,2016.0,PG,MEM,56.0,26.0,138.0,342.0,67.0,16.0,84.0,857.0
Dante Cunningham,2016.0,SF,NOP,80.0,57.0,179.0,77.0,42.0,33.0,41.0,484.0
Stephen Curry,2016.0,PG,GSW,79.0,68.0,362.0,527.0,169.0,15.0,262.0,2375.0
Luol Deng,2016.0,PF,MIA,74.0,108.0,335.0,140.0,74.0,29.0,81.0,911.0
DeMar DeRozan,2016.0,SG,TOR,78.0,64.0,285.0,315.0,81.0,21.0,175.0,1830.0
Boris Diaw,2016.0,PF,SAS,76.0,58.0,175.0,176.0,26.0,21.0,97.0,485.0
Goran Dragic,2016.0,PG,MIA,72.0,54.0,223.0,419.0,71.0,17.0,185.0,1018.0
Jared Dudley,2016.0,PF,WAS,81.0,54.0,232.0,170.0,75.0,18.0,80.0,638.0
Mike Dunleavy,2016.0,SF,CHI,31.0,8.0,75.0,39.0,14.0,10.0,26.0,222.0
Kevin Durant,2016.0,SF,OKC,72.0,45.0,544.0,361.0,69.0,85.0,250.0,2029.0
Wayne Ellington,2016.0,SG,BRK,76.0,20.0,154.0,83.0,48.0,5.0,45.0,586.0
Monta Ellis,2016.0,SG,IND,81.0,42.0,229.0,383.0,150.0,37.0,203.0,1121.0
Tyreke Evans,2016.0,SG,NOP,25.0,20.0,109.0,164.0,32.0,8.0,73.0,379.0
Raymond Felton,2016.0,PG,DAL,80.0,36.0,222.0,284.0,68.0,15.0,121.0,763.0
Randy Foye,2016.0,SG,TOT,81.0,24.0,132.0,161.0,39.0,29.0,86.0,474.0
Marc Gasol,2016.0,C,MEM,52.0,58.0,304.0,196.0,50.0,70.0,118.0,861.0
Pau Gasol,2016.0,C,CHI,72.0,155.0,638.0,294.0,42.0,146.0,164.0,1187.0
Rudy Gay,2016.0,SF,SAC,70.0,103.0,353.0,120.0,100.0,51.0,139.0,1204.0
Alonzo Gee,2016.0,SF,NOP,73.0,60.0,185.0,72.0,63.0,13.0,55.0,325.0
Taj Gibson,2016.0,PF,CHI,73.0,206.0,298.0,106.0,47.0,77.0,78.0,627.0
Manu Ginobili,2016.0,SG,SAS,58.0,26.0,120.0,177.0,66.0,11.0,99.0,555.0
Eric Gordon,2016.0,SG,NOP,45.0,10.0,89.0,121.0,43.0,14.0,73.0,686.0
Marcin Gortat,2016.0,C,WAS,75.0,222.0,519.0,106.0,47.0,96.0,121.0,1012.0
Danny Green,2016.0,SG,SAS,79.0,48.0,255.0,141.0,79.0,64.0,75.0,572.0
James Harden,2016.0,SG,HOU,82.0,63.0,438.0,612.0,139.0,51.0,374.0,2376.0
Devin Harris,2016.0,PG,DAL,64.0,18.0,120.0,118.0,60.0,13.0,66.0,487.0
Udonis Haslem,2016.0,PF,MIA,37.0,10.0,65.0,14.0,5.0,2.0,5.0,59.0
Spencer Hawes,2016.0,PF,CHO,57.0,51.0,193.0,109.0,22.0,27.0,58.0,340.0
Gerald Henderson,2016.0,SG,POR,72.0,30.0,181.0,75.0,39.0,19.0,68.0,624.0
Roy Hibbert,2016.0,C,LAL,81.0,132.0,266.0,95.0,32.0,110.0,76.0,481.0
Nene Hilario,2016.0,PF,WAS,57.0,52.0,207.0,97.0,54.0,26.0,76.0,525.0
George Hill,2016.0,PG,IND,74.0,58.0,240.0,259.0,83.0,17.0,101.0,894.0
Jordan Hill,2016.0,C,IND,73.0,156.0,295.0,87.0,36.0,37.0,92.0,645.0
Jrue Holiday,2016.0,PG,NOP,65.0,27.0,168.0,391.0,88.0,22.0,167.0,1089.0
Al Horford,2016.0,C,ATL,82.0,148.0,448.0,263.0,68.0,121.0,107.0,1249.0
Dwight Howard,2016.0,C,HOU,71.0,238.0,597.0,98.0,69.0,113.0,166.0,976.0
Kris Humphries,2016.0,PF,TOT,53.0,57.0,161.0,36.0,16.0,23.0,38.0,343.0
Serge Ibaka,2016.0,PF,OKC,78.0,141.0,392.0,66.0,38.0,148.0,108.0,983.0
Andre Iguodala,2016.0,SF,GSW,65.0,52.0,211.0,219.0,73.0,19.0,79.0,457.0
Ersan Ilyasova,2016.0,PF,TOT,74.0,144.0,259.0,67.0,52.0,33.0,71.0,767.0
Jarrett Jack,2016.0,PG,BRK,32.0,9.0,127.0,236.0,34.0,7.0,94.0,411.0
LeBron James,2016.0,SF,CLE,76.0,111.0,454.0,514.0,104.0,49.0,249.0,1920.0
Al Jefferson,2016.0,C,CHO,47.0,57.0,244.0,70.0,30.0,41.0,34.0,562.0
Richard Jefferson,2016.0,SF,CLE,74.0,15.0,113.0,59.0,33.0,14.0,43.0,410.0
Brandon Jennings,2016.0,PG,TOT,48.0,16.0,80.0,170.0,29.0,7.0,57.0,332.0
Amir Johnson,2016.0,PF,BOS,79.0,178.0,327.0,138.0,52.0,83.0,94.0,577.0
James Johnson,2016.0,PF,TOR,57.0,28.0,98.0,67.0,29.0,33.0,54.0,287.0
Joe Johnson,2016.0,SF,TOT,81.0,49.0,243.0,318.0,61.0,4.0,159.0,992.0
James Jones,2016.0,SF,CLE,48.0,8.0,42.0,14.0,11.0,10.0,13.0,178.0
DeAndre Jordan,2016.0,C,LAC,77.0,267.0,792.0,90.0,51.0,177.0,107.0,980.0
Kyle Korver,2016.0,SG,ATL,80.0,14.0,246.0,164.0,60.0,35.0,98.0,739.0
Kosta Koufos,2016.0,C,SAC,78.0,169.0,254.0,33.0,40.0,70.0,48.0,529.0
Ty Lawson,2016.0,PG,TOT,66.0,26.0,94.0,237.0,53.0,7.0,95.0,373.0
Courtney Lee,2016.0,SG,TOT,79.0,29.0,176.0,136.0,85.0,28.0,72.0,761.0
David Lee,2016.0,PF,TOT,55.0,101.0,204.0,84.0,22.0,28.0,66.0,427.0
Shaun Livingston,2016.0,PG,GSW,78.0,42.0,127.0,237.0,57.0,27.0,78.0,488.0
Brook Lopez,2016.0,C,BRK,73.0,204.0,369.0,147.0,58.0,124.0,175.0,1501.0
Robin Lopez,2016.0,C,NYK,82.0,268.0,334.0,114.0,16.0,129.0,133.0,842.0
Kevin Love,2016.0,PF,CLE,77.0,149.0,613.0,186.0,58.0,41.0,142.0,1234.0
Kyle Lowry,2016.0,PG,TOR,77.0,55.0,310.0,494.0,158.0,34.0,225.0,1634.0
Ian Mahinmi,2016.0,C,IND,71.0,138.0,369.0,104.0,65.0,75.0,100.0,660.0
Wesley Matthews,2016.0,SF,DAL,78.0,27.0,211.0,151.0,78.0,17.0,78.0,977.0
Luc Mbah,2016.0,PF,LAC,75.0,60.0,111.0,30.0,44.0,19.0,34.0,231.0
JaVale McGee,2016.0,C,DAL,34.0,53.0,80.0,3.0,5.0,26.0,21.0,172.0
Josh McRoberts,2016.0,PF,MIA,42.0,22.0,83.0,81.0,18.0,7.0,30.0,150.0
Jodie Meeks,2016.0,SG,DET,3.0,1.0,4.0,3.0,0.0,0.0,1.0,22.0
C.J. Miles,2016.0,SF,IND,64.0,25.0,150.0,63.0,53.0,29.0,70.0,753.0
Mike Miller,2016.0,SF,DEN,47.0,6.0,47.0,40.0,13.0,4.0,17.0,63.0
Paul Millsap,2016.0,PF,ATL,81.0,198.0,534.0,265.0,147.0,139.0,191.0,1385.0
Anthony Morrow,2016.0,SG,OKC,68.0,10.0,52.0,24.0,22.0,5.0,17.0,380.0
Jameer Nelson,2016.0,PG,DEN,39.0,19.0,96.0,190.0,25.0,5.0,66.0,299.0
Steve Novak,2016.0,PF,TOT,10.0,0.0,5.0,0.0,0.0,0.0,1.0,24.0
Dirk Nowitzki,2016.0,PF,DAL,75.0,52.0,437.0,132.0,52.0,52.0,84.0,1372.0
Tony Parker,2016.0,PG,SAS,72.0,17.0,159.0,379.0,54.0,11.0,131.0,857.0
Chris Paul,2016.0,PG,LAC,74.0,39.0,271.0,738.0,152.0,13.0,194.0,1446.0
Paul Pierce,2016.0,SF,LAC,68.0,12.0,174.0,71.0,33.0,17.0,58.0,417.0
Ronnie Price,2016.0,PG,PHO,62.0,25.0,74.0,147.0,74.0,13.0,70.0,331.0
Zach Randolph,2016.0,PF,MEM,68.0,179.0,350.0,142.0,43.0,13.0,105.0,1040.0
J.J. Redick,2016.0,SG,LAC,75.0,10.0,129.0,106.0,42.0,5.0,78.0,1226.0
Rajon Rondo,2016.0,PG,SAC,72.0,77.0,358.0,839.0,141.0,10.0,278.0,859.0
Brandon Rush,2016.0,SG,GSW,72.0,21.0,160.0,57.0,20.0,23.0,33.0,305.0
Luis Scola,2016.0,PF,TOR,76.0,84.0,276.0,66.0,46.0,27.0,68.0,664.0
Thabo Sefolosha,2016.0,SF,ATL,75.0,52.0,282.0,107.0,85.0,37.0,68.0,480.0
Ramon Sessions,2016.0,PG,WAS,82.0,25.0,178.0,239.0,46.0,5.0,115.0,810.0
J.R. Smith,2016.0,SG,CLE,77.0,43.0,174.0,130.0,81.0,21.0,59.0,955.0
Jason Smith,2016.0,C,ORL,76.0,53.0,166.0,62.0,33.0,65.0,57.0,546.0
Marreese Speights,2016.0,C,GSW,72.0,77.0,162.0,61.0,19.0,34.0,66.0,512.0
Rodney Stuckey,2016.0,PG,IND,58.0,19.0,137.0,142.0,43.0,8.0,76.0,517.0
Jeff Teague,2016.0,PG,ATL,79.0,33.0,181.0,470.0,97.0,24.0,218.0,1239.0
Jason Terry,2016.0,SG,HOU,72.0,14.0,65.0,103.0,47.0,9.0,49.0,422.0
Marcus Thornton,2016.0,SG,TOT,61.0,38.0,112.0,85.0,47.0,4.0,51.0,590.0
Anthony Tolliver,2016.0,PF,DET,72.0,39.0,190.0,52.0,26.0,16.0,28.0,383.0
Beno Udrih,2016.0,PG,TOT,44.0,8.0,64.0,116.0,14.0,1.0,53.0,205.0
Anderson Varejao,2016.0,C,TOT,53.0,37.0,104.0,35.0,16.0,10.0,22.0,138.0
Dwyane Wade,2016.0,SG,MIA,74.0,82.0,220.0,344.0,79.0,42.0,203.0,1409.0
C.J. Watson,2016.0,PG,ORL,33.0,10.0,56.0,88.0,19.0,5.0,25.0,142.0
David West,2016.0,PF,SAS,78.0,72.0,237.0,143.0,44.0,55.0,68.0,554.0
Russell Westbrook,2016.0,PG,OKC,80.0,145.0,481.0,834.0,163.0,20.0,342.0,1878.0
Deron Williams,2016.0,PG,DAL,65.0,19.0,171.0,378.0,61.0,14.0,150.0,918.0
Lou Williams,2016.0,SG,LAL,67.0,31.0,138.0,167.0,62.0,19.0,107.0,1028.0
Nick Young,2016.0,SG,LAL,54.0,14.0,83.0,34.0,23.0,7.0,30.0,392.0
Thaddeus Young,2016.0,PF,BRK,73.0,176.0,484.0,135.0,112.0,37.0,136.0,1102.0
Arron Afflalo,2017.0,SG,SAC,61.0,9.0,116.0,78.0,21.0,7.0,42.0,515.0
LaMarcus Aldridge,2017.0,PF,SAS,72.0,174.0,350.0,139.0,46.0,89.0,98.0,1243.0
Tony Allen,2017.0,SG,MEM,71.0,166.0,225.0,98.0,115.0,29.0,100.0,643.0
Chris Andersen,2017.0,C,CLE,12.0,9.0,22.0,5.0,5.0,7.0,5.0,28.0
Ryan Anderson,2017.0,PF,HOU,72.0,112.0,218.0,68.0,32.0,14.0,55.0,979.0
Carmelo Anthony,2017.0,SF,NYK,74.0,62.0,374.0,213.0,60.0,34.0,153.0,1659.0
Joel Anthony,2017.0,C,SAS,19.0,8.0,23.0,3.0,2.0,6.0,4.0,25.0
Trevor Ariza,2017.0,SF,HOU,80.0,54.0,405.0,175.0,147.0,20.0,74.0,936.0
D.J. Augustin,2017.0,PG,ORL,78.0,15.0,102.0,209.0,31.0,1.0,90.0,616.0
Leandro Barbosa,2017.0,SG,PHO,67.0,15.0,89.0,81.0,31.0,8.0,48.0,419.0
J.J. Barea,2017.0,PG,DAL,35.0,9.0,75.0,193.0,14.0,1.0,63.0,381.0
Matt Barnes,2017.0,SF,TOT,74.0,70.0,317.0,194.0,48.0,26.0,107.0,527.0
Brandon Bass,2017.0,PF,LAC,52.0,43.0,86.0,21.0,14.0,11.0,29.0,292.0
Nicolas Batum,2017.0,SG,CHO,77.0,46.0,435.0,455.0,86.0,29.0,194.0,1164.0
Jerryd Bayless,2017.0,PG,PHI,3.0,3.0,9.0,13.0,0.0,0.0,9.0,33.0
Michael Beasley,2017.0,PF,MIL,56.0,40.0,153.0,53.0,28.0,27.0,66.0,528.0
Marco Belinelli,2017.0,SG,CHO,74.0,14.0,164.0,147.0,44.0,9.0,70.0,780.0
Andrew Bogut,2017.0,C,TOT,27.0,56.0,162.0,49.0,13.0,25.0,43.0,79.0
Corey Brewer,2017.0,SF,TOT,82.0,32.0,134.0,97.0,61.0,19.0,55.0,371.0
Jose Calderon,2017.0,PG,TOT,41.0,15.0,59.0,88.0,11.0,1.0,41.0,141.0
DeMarre Carroll,2017.0,SF,TOR,72.0,63.0,212.0,74.0,81.0,27.0,54.0,638.0
Vince Carter,2017.0,SF,MEM,73.0,36.0,191.0,133.0,60.0,36.0,50.0,586.0
Tyson Chandler,2017.0,C,PHO,47.0,154.0,385.0,30.0,33.0,24.0,67.0,397.0
Darren Collison,2017.0,PG,SAC,68.0,23.0,130.0,312.0,67.0,9.0,114.0,900.0
Nick Collison,2017.0,PF,OKC,20.0,9.0,21.0,12.0,2.0,2.0,4.0,33.0
Mike Conley,2017.0,PG,MEM,69.0,31.0,211.0,433.0,92.0,19.0,156.0,1415.0
Dante Cunningham,2017.0,SF,NOP,66.0,56.0,221.0,36.0,39.0,28.0,28.0,435.0
Stephen Curry,2017.0,PG,GSW,79.0,61.0,292.0,523.0,143.0,17.0,239.0,1999.0
Luol Deng,2017.0,SF,LAL,56.0,63.0,232.0,74.0,48.0,20.0,43.0,425.0
DeMar DeRozan,2017.0,SG,TOR,74.0,70.0,316.0,290.0,78.0,13.0,180.0,2020.0
Boris Diaw,2017.0,PF,UTA,73.0,46.0,112.0,170.0,18.0,9.0,87.0,338.0
Goran Dragic,2017.0,PG,MIA,73.0,61.0,217.0,423.0,89.0,13.0,212.0,1483.0
Jared Dudley,2017.0,PF,PHO,64.0,31.0,194.0,121.0,42.0,16.0,72.0,434.0
Mike Dunleavy,2017.0,SF,TOT,53.0,18.0,97.0,50.0,15.0,7.0,28.0,275.0
Kevin Durant,2017.0,SF,GSW,62.0,39.0,474.0,300.0,66.0,99.0,138.0,1555.0
Wayne Ellington,2017.0,SG,MIA,62.0,18.0,115.0,70.0,35.0,4.0,30.0,648.0
Monta Ellis,2017.0,SG,IND,74.0,19.0,185.0,236.0,79.0,27.0,135.0,630.0
Tyreke Evans,2017.0,SF,TOT,40.0,13.0,124.0,124.0,35.0,9.0,61.0,411.0
Raymond Felton,2017.0,PG,LAC,80.0,33.0,184.0,191.0,67.0,22.0,83.0,538.0
Randy Foye,2017.0,SG,BRK,69.0,9.0,146.0,135.0,35.0,9.0,80.0,357.0
Marc Gasol,2017.0,C,MEM,74.0,60.0,402.0,338.0,67.0,99.0,166.0,1446.0
Pau Gasol,2017.0,C,SAS,64.0,107.0,394.0,150.0,24.0,70.0,81.0,792.0
Rudy Gay,2017.0,SF,SAC,30.0,35.0,155.0,82.0,44.0,26.0,74.0,562.0
Alonzo Gee,2017.0,SF,DEN,13.0,4.0,11.0,6.0,5.0,1.0,4.0,11.0
Taj Gibson,2017.0,PF,TOT,78.0,158.0,328.0,73.0,42.0,66.0,105.0,846.0
Manu Ginobili,2017.0,SG,SAS,69.0,28.0,129.0,183.0,82.0,16.0,96.0,517.0
Eric Gordon,2017.0,SG,HOU,75.0,29.0,172.0,188.0,48.0,40.0,121.0,1217.0
Marcin Gortat,2017.0,C,WAS,82.0,238.0,611.0,121.0,40.0,65.0,118.0,883.0
Danny Green,2017.0,SG,SAS,68.0,31.0,193.0,124.0,71.0,58.0,76.0,497.0
James Harden,2017.0,PG,HOU,81.0,95.0,564.0,906.0,120.0,37.0,464.0,2356.0
Devin Harris,2017.0,PG,DAL,65.0,11.0,116.0,136.0,43.0,7.0,57.0,437.0
Udonis Haslem,2017.0,C,MIA,17.0,8.0,28.0,6.0,5.0,1.0,8.0,31.0
Spencer Hawes,2017.0,PF,TOT,54.0,38.0,153.0,81.0,15.0,30.0,49.0,337.0
Gerald Henderson,2017.0,SG,PHI,72.0,34.0,151.0,112.0,41.0,15.0,62.0,662.0
Roy Hibbert,2017.0,C,TOT,48.0,54.0,100.0,21.0,8.0,46.0,32.0,221.0
Nene Hilario,2017.0,C,HOU,67.0,95.0,186.0,65.0,56.0,40.0,73.0,609.0
George Hill,2017.0,PG,UTA,49.0,23.0,144.0,203.0,50.0,11.0,85.0,829.0
Jordan Hill,2017.0,C,MIN,7.0,8.0,6.0,0.0,1.0,0.0,4.0,12.0
Jrue Holiday,2017.0,PG,NOP,67.0,46.0,218.0,488.0,100.0,43.0,194.0,1029.0
Al Horford,2017.0,C,BOS,68.0,95.0,369.0,337.0,52.0,87.0,116.0,952.0
Dwight Howard,2017.0,C,ATL,74.0,296.0,644.0,104.0,64.0,92.0,170.0,1002.0
Kris Humphries,2017.0,PF,ATL,56.0,60.0,146.0,29.0,15.0,21.0,28.0,257.0
Serge Ibaka,2017.0,PF,TOT,79.0,129.0,409.0,75.0,41.0,124.0,105.0,1173.0
Andre Iguodala,2017.0,SF,GSW,76.0,51.0,253.0,262.0,76.0,39.0,58.0,574.0
Ersan Ilyasova,2017.0,PF,TOT,82.0,115.0,366.0,141.0,58.0,23.0,116.0,1071.0
Jarrett Jack,2017.0,PG,NOP,2.0,0.0,0.0,5.0,2.0,0.0,3.0,6.0
LeBron James,2017.0,SF,CLE,74.0,97.0,543.0,646.0,92.0,44.0,303.0,1954.0
Al Jefferson,2017.0,C,IND,66.0,75.0,203.0,57.0,19.0,16.0,33.0,535.0
Richard Jefferson,2017.0,SF,CLE,79.0,28.0,174.0,78.0,26.0,10.0,52.0,448.0
Brandon Jennings,2017.0,PG,TOT,81.0,29.0,167.0,395.0,70.0,5.0,128.0,577.0
Amir Johnson,2017.0,PF,BOS,80.0,117.0,248.0,140.0,52.0,62.0,77.0,520.0
James Johnson,2017.0,PF,MIA,76.0,66.0,309.0,276.0,76.0,86.0,171.0,975.0
Joe Johnson,2017.0,SF,UTA,78.0,33.0,209.0,144.0,36.0,18.0,69.0,715.0
James Jones,2017.0,SF,CLE,48.0,3.0,35.0,14.0,7.0,10.0,10.0,132.0
DeAndre Jordan,2017.0,C,LAC,81.0,297.0,817.0,96.0,52.0,135.0,116.0,1029.0
Kyle Korver,2017.0,SG,TOT,67.0,8.0,179.0,110.0,34.0,21.0,69.0,678.0
Kosta Koufos,2017.0,C,SAC,71.0,118.0,285.0,47.0,36.0,48.0,61.0,470.0
Ty Lawson,2017.0,PG,SAC,69.0,44.0,135.0,335.0,74.0,6.0,129.0,681.0
Courtney Lee,2017.0,SG,NYK,77.0,53.0,207.0,179.0,81.0,23.0,69.0,835.0
David Lee,2017.0,PF,SAS,79.0,148.0,292.0,124.0,31.0,40.0,82.0,576.0
Shaun Livingston,2017.0,PG,GSW,76.0,28.0,123.0,139.0,38.0,20.0,61.0,389.0
Brook Lopez,2017.0,C,BRK,75.0,121.0,282.0,176.0,38.0,124.0,184.0,1539.0
Robin Lopez,2017.0,C,CHI,81.0,243.0,276.0,80.0,18.0,117.0,90.0,839.0
Kevin Love,2017.0,PF,CLE,60.0,148.0,518.0,116.0,53.0,22.0,122.0,1142.0
Kyle Lowry,2017.0,PG,TOR,60.0,48.0,240.0,417.0,88.0,19.0,173.0,1344.0
Ian Mahinmi,2017.0,C,WAS,31.0,47.0,103.0,19.0,33.0,24.0,34.0,173.0
Wesley Matthews,2017.0,SG,DAL,73.0,18.0,241.0,210.0,77.0,16.0,102.0,986.0
Luc Mbah,2017.0,SF,LAC,80.0,47.0,127.0,39.0,81.0,35.0,47.0,484.0
JaVale McGee,2017.0,C,GSW,77.0,100.0,144.0,17.0,19.0,67.0,40.0,472.0
Josh McRoberts,2017.0,PF,MIA,22.0,23.0,51.0,50.0,10.0,4.0,23.0,107.0
Jodie Meeks,2017.0,SG,ORL,36.0,5.0,72.0,45.0,34.0,4.0,36.0,327.0
C.J. Miles,2017.0,SF,IND,76.0,30.0,199.0,48.0,46.0,25.0,40.0,815.0
Mike Miller,2017.0,SF,DEN,20.0,3.0,36.0,22.0,2.0,0.0,13.0,28.0
Paul Millsap,2017.0,PF,ATL,69.0,111.0,422.0,252.0,90.0,62.0,158.0,1246.0
Anthony Morrow,2017.0,SG,TOT,49.0,12.0,19.0,25.0,24.0,2.0,6.0,271.0
Jameer Nelson,2017.0,PG,DEN,75.0,28.0,164.0,385.0,53.0,8.0,129.0,687.0
Steve Novak,2017.0,PF,MIL,8.0,0.0,3.0,0.0,0.0,0.0,0.0,5.0
Dirk Nowitzki,2017.0,PF,DAL,54.0,23.0,330.0,82.0,30.0,38.0,51.0,769.0
Tony Parker,2017.0,PG,SAS,63.0,9.0,104.0,285.0,33.0,2.0,89.0,638.0
Chris Paul,2017.0,PG,LAC,61.0,41.0,263.0,563.0,118.0,8.0,147.0,1104.0
Paul Pierce,2017.0,SF,LAC,25.0,1.0,47.0,10.0,4.0,5.0,16.0,81.0
Ronnie Price,2017.0,PG,PHO,14.0,3.0,8.0,18.0,11.0,1.0,3.0,14.0
Zach Randolph,2017.0,PF,MEM,73.0,182.0,416.0,122.0,38.0,10.0,99.0,1028.0
J.J. Redick,2017.0,SG,LAC,78.0,11.0,160.0,110.0,55.0,13.0,98.0,1173.0
Rajon Rondo,2017.0,PG,CHI,69.0,73.0,282.0,461.0,99.0,11.0,168.0,538.0
Brandon Rush,2017.0,SG,MIN,47.0,16.0,83.0,45.0,22.0,23.0,28.0,197.0
Luis Scola,2017.0,PF,BRK,36.0,51.0,88.0,37.0,14.0,4.0,34.0,184.0
Thabo Sefolosha,2017.0,SF,ATL,62.0,54.0,216.0,107.0,96.0,31.0,58.0,444.0
Ramon Sessions,2017.0,PG,CHO,50.0,11.0,62.0,129.0,26.0,3.0,46.0,312.0
J.R. Smith,2017.0,SG,CLE,41.0,17.0,96.0,62.0,40.0,11.0,26.0,351.0
Jason Smith,2017.0,C,WAS,74.0,64.0,194.0,37.0,21.0,55.0,58.0,420.0
Marreese Speights,2017.0,C,LAC,82.0,88.0,285.0,66.0,23.0,41.0,69.0,711.0
Rodney Stuckey,2017.0,PG,IND,39.0,6.0,78.0,84.0,16.0,0.0,53.0,281.0
Jeff Teague,2017.0,PG,IND,82.0,33.0,298.0,639.0,100.0,32.0,216.0,1254.0
Jason Terry,2017.0,SG,MIL,74.0,15.0,91.0,98.0,45.0,20.0,36.0,307.0
Marcus Thornton,2017.0,SG,WAS,33.0,22.0,54.0,41.0,19.0,3.0,25.0,219.0
Anthony Tolliver,2017.0,PF,SAC,65.0,51.0,188.0,77.0,33.0,20.0,56.0,461.0
Beno Udrih,2017.0,PG,DET,39.0,6.0,51.0,131.0,13.0,0.0,37.0,227.0
Anderson Varejao,2017.0,C,GSW,14.0,12.0,15.0,10.0,3.0,3.0,8.0,18.0
Dwyane Wade,2017.0,SG,CHI,60.0,64.0,207.0,229.0,86.0,41.0,138.0,1096.0
C.J. Watson,2017.0,PG,ORL,62.0,16.0,73.0,114.0,43.0,2.0,47.0,281.0
David West,2017.0,C,GSW,68.0,47.0,156.0,151.0,42.0,48.0,78.0,316.0
Russell Westbrook,2017.0,PG,OKC,81.0,137.0,727.0,840.0,133.0,31.0,438.0,2558.0
Deron Williams,2017.0,PG,TOT,64.0,14.0,133.0,360.0,31.0,8.0,138.0,701.0
Lou Williams,2017.0,SG,TOT,81.0,26.0,176.0,239.0,80.0,19.0,160.0,1421.0
Nick Young,2017.0,SG,LAL,60.0,25.0,112.0,58.0,37.0,14.0,36.0,791.0
Thaddeus Young,2017.0,PF,IND,74.0,131.0,318.0,122.0,114.0,30.0,96.0,814.0
Omri Casspi,2010.0,SF,SAC,77.0,75.0,274.0,95.0,54.0,17.0,98.0,792.0
Jamal Crawford,2010.0,SG,ATL,79.0,34.0,167.0,238.0,61.0,12.0,137.0,1425.0
Toney Douglas,2010.0,PG,NYK,56.0,40.0,68.0,112.0,42.0,3.0,55.0,481.0
Patty Mills,2010.0,PG,POR,10.0,1.0,1.0,5.0,0.0,0.0,4.0,26.0
Joakim Noah,2010.0,C,CHI,64.0,220.0,484.0,132.0,32.0,100.0,117.0,687.0
Zaza Pachulia,2010.0,C,ATL,78.0,117.0,176.0,42.0,37.0,31.0,58.0,333.0
Marvin Williams,2010.0,SF,ATL,81.0,106.0,310.0,93.0,66.0,46.0,72.0,820.0
Omri Casspi,2011.0,SF,SAC,71.0,74.0,233.0,74.0,54.0,13.0,68.0,610.0
Jamal Crawford,2011.0,SG,ATL,76.0,22.0,108.0,241.0,57.0,14.0,145.0,1077.0
Toney Douglas,2011.0,SG,NYK,81.0,65.0,179.0,244.0,89.0,4.0,89.0,856.0
Patty Mills,2011.0,PG,POR,64.0,19.0,32.0,109.0,27.0,1.0,62.0,353.0
Joakim Noah,2011.0,C,CHI,48.0,182.0,316.0,107.0,48.0,72.0,90.0,561.0
Zaza Pachulia,2011.0,C,ATL,79.0,119.0,214.0,58.0,34.0,22.0,69.0,349.0
Marvin Williams,2011.0,SF,ATL,65.0,68.0,245.0,88.0,34.0,23.0,62.0,676.0
Omri Casspi,2012.0,SF,CLE,65.0,63.0,165.0,66.0,37.0,21.0,64.0,459.0
Jamal Crawford,2012.0,PG,POR,60.0,16.0,102.0,191.0,55.0,14.0,111.0,837.0
Toney Douglas,2012.0,PG,NYK,38.0,16.0,56.0,77.0,29.0,1.0,56.0,237.0
Patty Mills,2012.0,PG,SAS,16.0,4.0,24.0,39.0,10.0,1.0,26.0,165.0
Joakim Noah,2012.0,C,CHI,64.0,242.0,387.0,160.0,41.0,92.0,92.0,652.0
Zaza Pachulia,2012.0,C,ATL,58.0,154.0,303.0,79.0,55.0,29.0,81.0,455.0
Marvin Williams,2012.0,SF,ATL,57.0,76.0,218.0,71.0,47.0,18.0,39.0,579.0
Omri Casspi,2013.0,SF,CLE,43.0,20.0,94.0,28.0,25.0,12.0,22.0,173.0
Jamal Crawford,2013.0,SG,LAC,76.0,22.0,106.0,193.0,79.0,13.0,146.0,1255.0
Toney Douglas,2013.0,PG,TOT,71.0,34.0,104.0,151.0,71.0,3.0,81.0,534.0
Patty Mills,2013.0,PG,SAS,58.0,9.0,41.0,62.0,26.0,4.0,39.0,294.0
Joakim Noah,2013.0,C,CHI,66.0,260.0,473.0,262.0,78.0,141.0,176.0,784.0
Zaza Pachulia,2013.0,C,ATL,52.0,132.0,204.0,79.0,35.0,12.0,70.0,306.0
Marvin Williams,2013.0,SF,UTA,73.0,55.0,208.0,77.0,37.0,38.0,60.0,529.0
Omri Casspi,2014.0,PF,HOU,71.0,55.0,205.0,88.0,44.0,14.0,72.0,490.0
Jamal Crawford,2014.0,SG,LAC,69.0,34.0,124.0,223.0,59.0,12.0,135.0,1282.0
Toney Douglas,2014.0,PG,TOT,51.0,18.0,69.0,68.0,19.0,5.0,34.0,202.0
Patty Mills,2014.0,PG,SAS,81.0,34.0,135.0,149.0,68.0,9.0,63.0,826.0
Joakim Noah,2014.0,C,CHI,80.0,282.0,618.0,431.0,99.0,121.0,194.0,1007.0
Zaza Pachulia,2014.0,C,MIL,53.0,141.0,192.0,136.0,45.0,14.0,92.0,408.0
Marvin Williams,2014.0,PF,UTA,66.0,82.0,252.0,78.0,54.0,31.0,53.0,603.0
Omri Casspi,2015.0,SF,SAC,67.0,54.0,206.0,102.0,31.0,9.0,88.0,593.0
Jamal Crawford,2015.0,SG,LAC,64.0,18.0,106.0,158.0,59.0,14.0,92.0,1010.0
Toney Douglas,2015.0,SG,NOP,12.0,2.0,20.0,24.0,11.0,4.0,10.0,51.0
Patty Mills,2015.0,PG,SAS,51.0,21.0,54.0,87.0,28.0,2.0,35.0,351.0
Joakim Noah,2015.0,C,CHI,67.0,219.0,427.0,312.0,48.0,74.0,123.0,485.0
Zaza Pachulia,2015.0,C,MIL,73.0,197.0,303.0,178.0,80.0,21.0,133.0,606.0
Marvin Williams,2015.0,PF,CHO,78.0,58.0,328.0,100.0,69.0,36.0,60.0,577.0
Omri Casspi,2016.0,SF,SAC,69.0,58.0,352.0,95.0,56.0,17.0,94.0,813.0
Jamal Crawford,2016.0,SG,LAC,79.0,20.0,125.0,183.0,52.0,12.0,113.0,1120.0
Toney Douglas,2016.0,PG,NOP,61.0,25.0,118.0,157.0,70.0,5.0,64.0,531.0
Patty Mills,2016.0,PG,SAS,81.0,27.0,131.0,226.0,59.0,6.0,76.0,690.0
Joakim Noah,2016.0,C,CHI,29.0,87.0,168.0,110.0,18.0,29.0,52.0,124.0
Zaza Pachulia,2016.0,C,DAL,76.0,249.0,469.0,128.0,64.0,22.0,119.0,650.0
Marvin Williams,2016.0,PF,CHO,81.0,127.0,394.0,110.0,58.0,77.0,62.0,948.0
Omri Casspi,2017.0,SF,TOT,36.0,27.0,85.0,37.0,23.0,3.0,29.0,186.0
Jamal Crawford,2017.0,SG,LAC,82.0,17.0,112.0,213.0,59.0,14.0,134.0,1008.0
Toney Douglas,2017.0,PG,MEM,24.0,13.0,48.0,56.0,18.0,5.0,21.0,117.0
Patty Mills,2017.0,PG,SAS,80.0,24.0,118.0,280.0,65.0,3.0,101.0,759.0
Joakim Noah,2017.0,C,NYK,46.0,161.0,241.0,103.0,30.0,37.0,58.0,232.0
Zaza Pachulia,2017.0,C,GSW,70.0,140.0,270.0,132.0,59.0,33.0,88.0,426.0
Marvin Williams,2017.0,PF,CHO,76.0,89.0,409.0,106.0,58.0,53.0,60.0,849.0
